EmployeeID,Sales,Orders,AOV
1000001,3977,1,3977.0
1000002,7098,3,2366.0
1000003,23714,6,3952.0
1000004,30381,3,10127.0
1000005,27667,4,6917.0
1000007,25079,4,6270.0
1000008,32475,11,2952.0
1000009,11341,5,2268.0
1000010,38432,12,3203.0
1000013,30544,11,2777.0
1000015,17173,6,2862.0
1000016,8177,2,4088.0
1000017,19124,6,3187.0
1000018,16663,7,2380.0
1000019,15266,4,3816.0
1000022,33090,16,2068.0
1000023,24073,4,6018.0
1000024,32053,5,6411.0
1000026,61567,15,4104.0
1000028,1955,4,489.0
1000029,6356,2,3178.0
1000030,23500,5,4700.0
1000031,8872,4,2218.0
1000033,77917,23,3388.0
1000034,7651,4,1913.0
1000035,21987,4,5497.0
1000036,74289,22,3377.0
1000037,5310,4,1328.0
1000042,17696,6,2949.0
1000044,16219,4,4055.0
1000045,19942,17,1173.0
1000048,17259,10,1726.0
1000049,19297,4,4824.0
1000053,87291,30,2910.0
1000057,7956,2,3978.0
1000058,35257,8,4407.0
1000059,7936,4,1984.0
1000061,3128,3,1043.0
1000062,60719,19,3196.0
1000064,2047,1,2047.0
1000065,33323,11,3029.0
1000068,31086,5,6217.0
1000069,19498,5,3900.0
1000071,20169,3,6723.0
1000075,28970,6,4828.0
1000076,6102,1,6102.0
1000077,5269,2,2634.0
1000078,27595,6,4599.0
1000080,18502,6,3084.0
1000081,19547,2,9774.0
1000083,26133,10,2613.0
1000086,15511,8,1939.0
1000088,10664,5,2133.0
1000089,8037,1,8037.0
1000090,27776,9,3086.0
1000091,16517,3,5506.0
1000092,55267,10,5527.0
1000093,17538,5,3508.0
1000094,16052,6,2675.0
1000095,11608,1,11608.0
1000096,8025,2,4012.0
1000097,43215,6,7202.0
1000098,10692,4,2673.0
1000100,13338,4,3334.0
1000101,8133,1,8133.0
1000102,43750,13,3365.0
1000103,13813,5,2763.0
1000106,5340,4,1335.0
1000107,7446,3,2482.0
1000111,8080,2,4040.0
1000113,23546,4,5886.0
1000116,9786,1,9786.0
1000117,56998,8,7125.0
1000118,20773,7,2968.0
1000119,7972,1,7972.0
1000121,18770,3,6257.0
1000123,74779,16,4674.0
1000125,8102,1,8102.0
1000126,2126,2,1063.0
1000127,2041,3,680.0
1000129,4894,6,816.0
1000130,10593,1,10593.0
1000131,58301,12,4858.0
1000133,8589,1,8589.0
1000134,45977,12,3831.0
1000136,46485,17,2734.0
1000137,33380,6,5563.0
1000138,7815,1,7815.0
1000139,2379,4,595.0
1000141,18348,7,2621.0
1000143,9969,2,4984.0
1000146,24205,7,3458.0
1000147,7954,2,3977.0
1000148,106399,25,4256.0
1000149,26209,12,2184.0
1000150,28105,8,3513.0
1000151,91595,21,4362.0
1000153,11846,2,5923.0
1000154,20965,4,5241.0
1000155,22085,6,3681.0
1000156,12864,8,1608.0
1000157,95948,21,4569.0
1000161,80743,17,4750.0
1000162,6910,1,6910.0
1000163,65358,19,3440.0
1000166,10503,5,2101.0
1000167,20666,2,10333.0
1000168,11441,1,11441.0
1000169,58433,15,3896.0
1000173,52735,12,4395.0
1000174,4490,2,2245.0
1000175,16100,4,4025.0
1000177,5318,3,1773.0
1000178,12876,3,4292.0
1000179,32004,12,2667.0
1000180,14805,9,1645.0
1000181,28118,5,5624.0
1000182,37415,9,4157.0
1000183,10858,6,1810.0
1000184,15423,1,15423.0
1000185,9768,4,2442.0
1000186,15803,4,3951.0
1000187,65032,17,3825.0
1000188,25034,8,3129.0
1000190,23799,4,5950.0
1000191,10857,3,3619.0
1000192,41866,18,2326.0
1000193,24572,12,2048.0
1000195,92486,29,3189.0
1000197,16271,4,4068.0
1000198,40151,13,3089.0
1000199,2839,2,1420.0
1000201,18038,3,6013.0
1000202,36315,8,4539.0
1000204,42415,8,5302.0
1000205,18153,5,3631.0
1000207,6922,4,1730.0
1000208,15593,4,3898.0
1000209,12034,4,3008.0
1000211,18995,1,18995.0
1000212,34404,11,3128.0
1000214,49546,6,8258.0
1000215,759,1,759.0
1000216,121160,35,3462.0
1000223,31105,7,4444.0
1000225,16058,6,2676.0
1000229,45103,6,7517.0
1000230,38811,13,2985.0
1000231,25362,4,6340.0
1000233,2309,2,1154.0
1000234,3739,4,935.0
1000235,41198,15,2747.0
1000236,3692,1,3692.0
1000237,7995,1,7995.0
1000238,48617,9,5402.0
1000239,15893,1,15893.0
1000240,15130,9,1681.0
1000242,28226,10,2823.0
1000244,5177,1,5177.0
1000245,83272,26,3203.0
1000249,7947,2,3974.0
1000251,19344,2,9672.0
1000252,7621,3,2540.0
1000255,17763,9,1974.0
1000256,14140,5,2828.0
1000257,16976,5,3395.0
1000258,8327,3,2776.0
1000259,5431,2,2716.0
1000260,3019,1,3019.0
1000261,41907,6,6984.0
1000262,15091,6,2515.0
1000263,12060,4,3015.0
1000264,106132,25,4245.0
1000265,12071,2,6036.0
1000266,26934,4,6734.0
1000268,14762,5,2952.0
1000271,69673,22,3167.0
1000272,58587,19,3084.0
1000273,10021,1,10021.0
1000275,6934,2,3467.0
1000277,8081,4,2020.0
1000278,23817,5,4763.0
1000280,24964,3,8321.0
1000281,28018,10,2802.0
1000284,44421,11,4038.0
1000285,20523,6,3420.0
1000287,28254,7,4036.0
1000291,15198,5,3040.0
1000293,29661,9,3296.0
1000295,7856,4,1964.0
1000297,15340,4,3835.0
1000298,16753,3,5584.0
1000299,13172,6,2195.0
1000300,18844,6,3141.0
1000301,39092,17,2300.0
1000302,46193,15,3080.0
1000303,47210,13,3632.0
1000304,8154,3,2718.0
1000305,23753,6,3959.0
1000306,30961,6,5160.0
1000307,23281,8,2910.0
1000308,78782,19,4146.0
1000309,8016,4,2004.0
1000312,31083,5,6217.0
1000313,28470,7,4067.0
1000314,19238,9,2138.0
1000316,3565,4,891.0
1000319,49599,20,2480.0
1000321,21566,7,3081.0
1000323,28881,6,4814.0
1000324,17160,6,2860.0
1000326,88313,23,3840.0
1000327,27330,5,5466.0
1000328,12566,1,12566.0
1000329,102760,27,3806.0
1000330,11555,4,2889.0
1000331,104632,22,4756.0
1000332,16178,1,16178.0
1000333,26634,6,4439.0
1000335,25836,7,3691.0
1000336,10147,2,5074.0
1000337,23418,4,5854.0
1000338,52488,11,4772.0
1000339,62187,19,3273.0
1000342,5934,3,1978.0
1000343,44751,4,11188.0
1000346,7020,1,7020.0
1000347,20242,5,4048.0
1000349,28478,10,2848.0
1000350,25309,5,5062.0
1000351,11447,4,2862.0
1000352,106693,18,5927.0
1000355,44282,18,2460.0
1000356,3971,1,3971.0
1000357,7705,5,1541.0
1000359,8573,2,4286.0
1000360,2106,4,526.0
1000366,27775,7,3968.0
1000368,65353,20,3268.0
1000369,7894,1,7894.0
1000372,28168,4,7042.0
1000374,6912,1,6912.0
1000375,3022,1,3022.0
1000376,13488,7,1927.0
1000377,10262,6,1710.0
1000378,7018,3,2339.0
1000379,40411,4,10103.0
1000382,10000,2,5000.0
1000387,18730,6,3122.0
1000388,35733,8,4467.0
1000390,49997,18,2778.0
1000391,47853,8,5982.0
1000392,52937,18,2941.0
1000393,5238,2,2619.0
1000396,9997,1,9997.0
1000397,4391,2,2196.0
1000398,7135,3,2378.0
1000399,11544,3,3848.0
1000402,36698,13,2823.0
1000403,5993,3,1998.0
1000406,5192,4,1298.0
1000408,3039,2,1520.0
1000409,7016,6,1169.0
1000410,7003,2,3502.0
1000411,49963,17,2939.0
1000412,33537,11,3049.0
1000413,12081,2,6040.0
1000415,11974,3,3991.0
1000416,31246,3,10415.0
1000418,6088,3,2029.0
1000419,19079,7,2726.0
1000420,6900,4,1725.0
1000422,8900,4,2225.0
1000423,31218,4,7804.0
1000424,187679,48,3910.0
1000425,19517,9,2169.0
1000426,21228,7,3033.0
1000429,40842,8,5105.0
1000430,7884,4,1971.0
1000431,13182,2,6591.0
1000434,7037,1,7037.0
1000435,3420,2,1710.0
1000436,7991,4,1998.0
1000437,7800,2,3900.0
1000438,59515,21,2834.0
1000442,27684,10,2768.0
1000443,8174,2,4087.0
1000445,36198,8,4525.0
1000446,16599,3,5533.0
1000451,31492,4,7873.0
1000453,11433,3,3811.0
1000454,36562,9,4062.0
1000456,29822,3,9941.0
1000457,16051,6,2675.0
1000461,26421,5,5284.0
1000462,12476,5,2495.0
1000463,12242,3,4081.0
1000464,8001,1,8001.0
1000466,28842,6,4807.0
1000467,16995,1,16995.0
1000471,14313,4,3578.0
1000473,23209,4,5802.0
1000474,31719,6,5286.0
1000476,54786,14,3913.0
1000477,9855,4,2464.0
1000478,9894,4,2474.0
1000480,28010,7,4001.0
1000481,22010,9,2446.0
1000482,54791,13,4215.0
1000485,4784,1,4784.0
1000490,18976,7,2711.0
1000492,12337,4,3084.0
1000493,7026,4,1756.0
1000496,5934,2,2967.0
1000498,11426,3,3809.0
1000500,7860,1,7860.0
1000504,7866,2,3933.0
1000508,8702,4,2176.0
1000509,108236,23,4706.0
1000510,11869,4,2967.0
1000511,1857,2,928.0
1000513,23684,7,3383.0
1000514,7112,1,7112.0
1000515,50111,12,4176.0
1000517,15874,6,2646.0
1000518,39029,7,5576.0
1000520,16904,6,2817.0
1000521,12792,3,4264.0
1000523,16191,8,2024.0
1000524,67385,24,2808.0
1000526,6740,6,1123.0
1000529,5232,3,1744.0
1000530,19104,12,1592.0
1000531,93896,26,3611.0
1000533,144429,41,3523.0
1000534,11668,2,5834.0
1000536,16181,1,16181.0
1000539,41045,12,3420.0
1000540,11865,3,3955.0
1000541,12727,7,1818.0
1000543,54682,16,3418.0
1000544,13905,5,2781.0
1000548,8902,1,8902.0
1000549,166759,38,4388.0
1000550,79326,25,3173.0
1000551,28743,7,4106.0
1000552,26823,4,6706.0
1000553,24422,5,4884.0
1000554,5459,3,1820.0
1000555,7033,4,1758.0
1000556,16664,7,2381.0
1000557,12237,3,4079.0
1000560,15681,7,2240.0
1000563,71947,15,4796.0
1000565,5947,2,2974.0
1000566,60292,16,3768.0
1000567,12606,2,6303.0
1000569,11908,2,5954.0
1000570,24535,7,3505.0
1000571,13289,3,4430.0
1000573,7884,2,3942.0
1000575,47880,16,2992.0
1000576,10008,4,2502.0
1000577,2392,4,598.0
1000579,32481,6,5414.0
1000580,15322,5,3064.0
1000583,64359,14,4597.0
1000584,7860,4,1965.0
1000585,6031,4,1508.0
1000586,13058,4,3264.0
1000587,38664,12,3222.0
1000588,89083,12,7424.0
1000590,22410,11,2037.0
1000591,26966,11,2451.0
1000593,7060,4,1765.0
1000594,8870,3,2957.0
1000595,22651,4,5663.0
1000601,65164,9,7240.0
1000602,8057,3,2686.0
1000603,16348,1,16348.0
1000604,88438,16,5527.0
1000605,12671,2,6336.0
1000607,3126,2,1563.0
1000608,4250,4,1062.0
1000609,12788,2,6394.0
1000610,13423,7,1918.0
1000611,42395,10,4240.0
1000612,3562,3,1187.0
1000613,19119,2,9560.0
1000616,31068,4,7767.0
1000623,65322,9,7258.0
1000624,47033,14,3360.0
1000625,15850,5,3170.0
1000626,19309,5,3862.0
1000628,27562,3,9187.0
1000630,27431,2,13716.0
1000631,19342,1,19342.0
1000633,3994,4,998.0
1000634,7089,3,2363.0
1000635,6911,4,1728.0
1000636,6915,2,3458.0
1000637,78902,21,3757.0
1000639,23776,9,2642.0
1000644,13112,8,1639.0
1000646,101723,17,5984.0
1000647,23291,3,7764.0
1000648,10146,4,2536.0
1000651,98296,10,9830.0
1000654,43866,10,4387.0
1000655,71523,25,2861.0
1000656,5232,2,2616.0
1000658,31998,6,5333.0
1000659,26584,4,6646.0
1000662,25879,6,4313.0
1000664,40649,7,5807.0
1000667,55150,15,3677.0
1000669,61618,18,3423.0
1000670,16553,1,16553.0
1000673,6991,3,2330.0
1000674,3785,1,3785.0
1000675,8709,3,2903.0
1000676,35100,6,5850.0
1000677,23018,8,2877.0
1000678,88931,19,4681.0
1000679,9813,4,2453.0
1000685,1394,1,1394.0
1000687,89913,23,3909.0
1000689,6840,7,977.0
1000690,12910,4,3228.0
1000692,15350,3,5117.0
1000693,12790,1,12790.0
1000695,37598,17,2212.0
1000697,9885,2,4942.0
1000698,11809,1,11809.0
1000701,7192,1,7192.0
1000702,49517,12,4126.0
1000704,15644,2,7822.0
1000707,35884,13,2760.0
1000709,8870,4,2218.0
1000710,58150,17,3421.0
1000711,49164,10,4916.0
1000712,30646,9,3405.0
1000713,14474,5,2895.0
1000714,32139,6,5356.0
1000718,28126,4,7032.0
1000720,35100,7,5014.0
1000721,34418,14,2458.0
1000722,50794,11,4618.0
1000724,40661,8,5083.0
1000725,24981,4,6245.0
1000726,16712,6,2785.0
1000727,31823,9,3536.0
1000728,47225,12,3935.0
1000729,16382,1,16382.0
1000730,10669,4,2667.0
1000731,61851,9,6872.0
1000732,53135,9,5904.0
1000733,40236,9,4471.0
1000735,36438,13,2803.0
1000736,13271,7,1896.0
1000737,32478,8,4060.0
1000738,19603,4,4901.0
1000740,17221,5,3444.0
1000741,15294,2,7647.0
1000743,16530,7,2361.0
1000744,25078,5,5016.0
1000745,1735,1,1735.0
1000746,108946,29,3757.0
1000747,5295,1,5295.0
1000748,5172,4,1293.0
1000749,93497,16,5844.0
1000750,6702,1,6702.0
1000752,94863,22,4312.0
1000753,22698,7,3243.0
1000754,44467,13,3421.0
1000757,43917,10,4392.0
1000758,17734,5,3547.0
1000759,3602,1,3602.0
1000760,3455,4,864.0
1000761,19214,4,4804.0
1000762,15605,3,5202.0
1000765,50298,8,6287.0
1000767,34757,6,5793.0
1000770,41433,12,3453.0
1000774,33417,6,5570.0
1000777,62496,18,3472.0
1000778,10764,3,3588.0
1000780,63403,18,3522.0
1000783,39533,7,5648.0
1000785,3023,2,1512.0
1000786,12834,2,6417.0
1000787,32886,7,4698.0
1000788,15920,7,2274.0
1000791,48351,12,4029.0
1000792,38282,11,3480.0
1000793,50398,6,8400.0
1000796,60152,14,4297.0
1000797,7017,2,3508.0
1000798,35381,6,5897.0
1000801,2308,2,1154.0
1000802,64545,16,4034.0
1000807,6856,3,2285.0
1000808,29217,3,9739.0
1000810,12024,4,3006.0
1000813,39576,3,13192.0
1000814,739,4,185.0
1000816,30914,4,7728.0
1000817,5342,4,1336.0
1000818,8644,2,4322.0
1000820,19637,2,9818.0
1000822,44092,12,3674.0
1000823,17473,5,3495.0
1000824,20278,8,2535.0
1000827,6007,3,2002.0
1000829,22706,4,5676.0
1000832,11667,2,5834.0
1000838,53402,11,4855.0
1000839,33366,13,2567.0
1000840,11237,3,3746.0
1000842,7026,3,2342.0
1000843,15478,3,5159.0
1000844,1768,4,442.0
1000845,12548,6,2091.0
1000846,9596,6,1599.0
1000850,139593,29,4814.0
1000851,47304,10,4730.0
1000853,14855,9,1651.0
1000854,81613,23,3548.0
1000855,67484,19,3552.0
1000857,4251,3,1417.0
1000858,16442,3,5481.0
1000859,25881,8,3235.0
1000861,19678,5,3936.0
1000863,2801,3,934.0
1000864,7430,4,1858.0
1000865,24963,5,4993.0
1000866,15880,4,3970.0
1000867,6952,3,2317.0
1000869,66479,15,4432.0
1000871,7794,1,7794.0
1000872,24476,2,12238.0
1000873,1695,4,424.0
1000876,19499,2,9750.0
1000877,123141,31,3972.0
1000878,8045,1,8045.0
1000881,78257,20,3913.0
1000883,9742,1,9742.0
1000884,15355,4,3839.0
1000885,22416,3,7472.0
1000888,19284,2,9642.0
1000889,150674,28,5381.0
1000891,23975,5,4795.0
1000897,11903,3,3968.0
1000898,9997,2,4998.0
1000899,18681,5,3736.0
1000900,23513,3,7838.0
1000904,19477,7,2782.0
1000907,5899,4,1475.0
1000910,2140,1,2140.0
1000911,62729,20,3136.0
1000918,23339,4,5835.0
1000919,30660,13,2358.0
1000922,52334,12,4361.0
1000924,21797,7,3114.0
1000925,5858,2,2929.0
1000926,6978,3,2326.0
1000927,8724,2,4362.0
1000928,4139,4,1035.0
1000929,28421,9,3158.0
1000930,11940,4,2985.0
1000931,4149,1,4149.0
1000934,92598,16,5787.0
1000936,11471,1,11471.0
1000937,12380,2,6190.0
1000939,22940,5,4588.0
1000940,16105,4,4026.0
1000942,30387,4,7597.0
1000945,26017,7,3717.0
1000946,23988,6,3998.0
1000947,8056,3,2685.0
1000949,58823,16,3676.0
1000950,17060,5,3412.0
1000951,8144,1,8144.0
1000952,12194,7,1742.0
1000953,31788,9,3532.0
1000955,26913,9,2990.0
1000956,50379,9,5598.0
1000957,68499,19,3605.0
1000959,9869,1,9869.0
1000961,10057,7,1437.0
1000963,61049,21,2907.0
1000965,25932,5,5186.0
1000968,16863,6,2810.0
1000970,24623,13,1894.0
1000971,39932,6,6655.0
1000973,19326,4,4832.0
1000974,8822,1,8822.0
1000975,58101,16,3631.0
1000976,20301,3,6767.0
1000977,6903,2,3452.0
1000979,6929,2,3464.0
1000981,4468,3,1489.0
1000983,18801,9,2089.0
1000984,112735,24,4697.0
1000985,8845,3,2948.0
1000991,3692,3,1231.0
1000996,50300,15,3353.0
1000998,28732,7,4105.0
1000999,12730,10,1273.0
1001004,54738,12,4562.0
1001006,15966,4,3992.0
1001008,5456,4,1364.0
1001010,124077,32,3877.0
1001011,15231,3,5077.0
1001015,155869,26,5995.0
1001016,41432,15,2762.0
1001017,68487,20,3424.0
1001018,19910,5,3982.0
1001019,114594,25,4584.0
1001021,40096,13,3084.0
1001022,27470,4,6868.0
1001023,31776,3,10592.0
1001024,7159,2,3580.0
1001025,14458,4,3614.0
1001026,5142,2,2571.0
1001027,23725,6,3954.0
1001029,53333,8,6667.0
1001030,20619,4,5155.0
1001032,22194,6,3699.0
1001033,27327,6,4554.0
1001035,9730,2,4865.0
1001036,6670,3,2223.0
1001037,12008,3,4003.0
1001038,4023,3,1341.0
1001040,67289,19,3542.0
1001041,21266,4,5316.0
1001044,15613,2,7806.0
1001049,7131,4,1783.0
1001050,83059,16,5191.0
1001051,125130,28,4469.0
1001053,22548,4,5637.0
1001054,12793,5,2559.0
1001057,19531,7,2790.0
1001058,24389,7,3484.0
1001059,58052,13,4466.0
1001061,15556,3,5185.0
1001062,8699,4,2175.0
1001063,11210,8,1401.0
1001065,9950,6,1658.0
1001067,16894,5,3379.0
1001068,43537,15,2902.0
1001069,112337,35,3210.0
1001070,3977,1,3977.0
1001072,15801,1,15801.0
1001073,7851,4,1963.0
1001074,29322,8,3665.0
1001075,11797,2,5898.0
1001076,18807,7,2687.0
1001077,37362,12,3114.0
1001078,27659,8,3457.0
1001083,8738,4,2184.0
1001084,8685,1,8685.0
1001085,8296,1,8296.0
1001086,17847,3,5949.0
1001087,54265,10,5426.0
1001088,128789,28,4600.0
1001092,9901,2,4950.0
1001093,4635,1,4635.0
1001094,6020,1,6020.0
1001096,45060,8,5632.0
1001099,28268,10,2827.0
1001100,46958,12,3913.0
1001101,66875,18,3715.0
1001103,20627,1,20627.0
1001107,5967,3,1989.0
1001109,38012,14,2715.0
1001110,3659,2,1830.0
1001112,49068,17,2886.0
1001113,5588,4,1397.0
1001116,35381,7,5054.0
1001117,37020,12,3085.0
1001119,41473,14,2962.0
1001120,56919,19,2996.0
1001121,11363,2,5682.0
1001122,16791,6,2798.0
1001124,35935,16,2246.0
1001125,51080,16,3192.0
1001126,7513,3,2504.0
1001127,2281,3,760.0
1001128,68390,9,7599.0
1001129,7005,3,2335.0
1001130,43899,8,5487.0
1001132,40326,11,3666.0
1001133,19318,4,4830.0
1001134,21515,4,5379.0
1001137,70451,22,3202.0
1001138,15509,3,5170.0
1001139,16396,3,5465.0
1001140,10283,4,2571.0
1001141,34672,6,5779.0
1001142,27500,3,9167.0
1001143,8773,4,2193.0
1001146,53128,18,2952.0
1001147,27470,6,4578.0
1001148,7118,4,1780.0
1001149,13172,5,2634.0
1001150,158811,42,3781.0
1001151,11715,6,1952.0
1001152,7420,7,1060.0
1001153,11606,4,2902.0
1001154,25549,5,5110.0
1001155,23002,5,4600.0
1001156,28573,5,5715.0
1001157,5925,4,1481.0
1001158,5435,4,1359.0
1001160,5350,1,5350.0
1001162,20501,4,5125.0
1001164,97540,21,4645.0
1001167,7812,3,2604.0
1001168,1720,3,573.0
1001169,21288,9,2365.0
1001170,15472,2,7736.0
1001172,105564,27,3910.0
1001173,54859,21,2612.0
1001176,40918,8,5115.0
1001177,21959,5,4392.0
1001179,45588,9,5065.0
1001181,143930,35,4112.0
1001182,58607,22,2664.0
1001183,59571,12,4964.0
1001184,41883,15,2792.0
1001185,23258,6,3876.0
1001188,16409,1,16409.0
1001191,19644,7,2806.0
1001192,7760,3,2587.0
1001193,36088,8,4511.0
1001194,10795,3,3598.0
1001195,3201,4,800.0
1001196,17077,6,2846.0
1001197,5481,1,5481.0
1001198,7822,2,3911.0
1001199,19092,1,19092.0
1001200,4598,1,4598.0
1001201,15280,7,2183.0
1001202,71331,15,4755.0
1001203,72071,35,2059.0
1001204,15723,5,3145.0
1001205,23810,4,5952.0
1001206,3821,4,955.0
1001209,21311,10,2131.0
1001211,40043,13,3080.0
1001212,7968,3,2656.0
1001215,6005,3,2002.0
1001216,1828,2,914.0
1001218,59942,15,3996.0
1001219,20960,4,5240.0
1001220,41018,10,4102.0
1001222,10080,2,5040.0
1001223,8539,4,2135.0
1001224,47592,17,2800.0
1001227,20204,4,5051.0
1001228,11437,3,3812.0
1001230,41409,11,3764.0
1001231,8773,2,4386.0
1001232,15080,6,2513.0
1001233,17643,8,2205.0
1001234,17848,9,1983.0
1001239,3468,2,1734.0
1001241,8697,4,2174.0
1001242,67778,19,3567.0
1001243,7922,3,2641.0
1001244,32828,14,2345.0
1001246,73452,16,4591.0
1001248,14537,4,3634.0
1001249,3518,2,1759.0
1001252,27572,9,3064.0
1001254,7945,3,2648.0
1001255,19014,2,9507.0
1001258,6163,4,1541.0
1001259,1945,1,1945.0
1001260,46319,14,3308.0
1001261,5443,2,2722.0
1001262,17021,6,2837.0
1001263,15466,4,3866.0
1001264,66273,23,2881.0
1001265,12488,8,1561.0
1001266,94830,29,3270.0
1001267,6882,1,6882.0
1001268,6946,4,1736.0
1001271,36068,15,2405.0
1001272,7617,1,7617.0
1001273,43259,15,2884.0
1001274,71709,23,3118.0
1001276,1747,1,1747.0
1001278,18194,4,4548.0
1001279,46406,14,3315.0
1001280,11722,2,5861.0
1001281,40710,10,4071.0
1001284,96036,24,4002.0
1001285,126923,35,3626.0
1001287,2178,2,1089.0
1001288,33652,10,3365.0
1001291,20505,5,4101.0
1001293,7397,3,2466.0
1001294,16129,4,4032.0
1001296,20210,5,4042.0
1001297,20139,4,5035.0
1001298,184045,44,4183.0
1001299,34001,11,3091.0
1001300,42029,8,5254.0
1001301,37262,19,1961.0
1001302,2064,3,688.0
1001303,53651,18,2981.0
1001304,5872,4,1468.0
1001306,54483,14,3892.0
1001307,6944,1,6944.0
1001309,16343,1,16343.0
1001310,11797,2,5898.0
1001311,2159,1,2159.0
1001312,60793,10,6079.0
1001313,7011,3,2337.0
1001314,28484,6,4747.0
1001317,71625,17,4213.0
1001320,3760,4,940.0
1001321,21422,5,4284.0
1001322,30643,16,1915.0
1001323,24242,5,4848.0
1001324,8404,1,8404.0
1001325,41005,16,2563.0
1001328,2957,1,2957.0
1001329,56381,12,4698.0
1001331,64695,11,5881.0
1001332,16658,4,4164.0
1001333,24772,16,1548.0
1001335,54030,15,3602.0
1001338,11225,2,5612.0
1001339,39443,7,5635.0
1001340,17455,6,2909.0
1001343,31999,8,4000.0
1001347,18256,4,4564.0
1001350,16954,6,2826.0
1001351,3794,4,948.0
1001352,25694,7,3671.0
1001354,46806,14,3343.0
1001355,4536,3,1512.0
1001356,44024,17,2590.0
1001357,26534,8,3317.0
1001358,33878,11,3080.0
1001359,46906,11,4264.0
1001360,27639,7,3948.0
1001361,11825,4,2956.0
1001362,43348,15,2890.0
1001364,5875,1,5875.0
1001365,23728,5,4746.0
1001366,34106,11,3101.0
1001367,39087,11,3553.0
1001369,54826,14,3916.0
1001372,15564,3,5188.0
1001373,7810,2,3905.0
1001376,13517,6,2253.0
1001377,28649,13,2204.0
1001380,6951,2,3476.0
1001381,12962,3,4321.0
1001383,112474,25,4499.0
1001384,23580,6,3930.0
1001387,50744,8,6343.0
1001389,29347,5,5869.0
1001390,48204,18,2678.0
1001392,39967,12,3331.0
1001393,12551,3,4184.0
1001395,44462,15,2964.0
1001396,12662,6,2110.0
1001397,12061,4,3015.0
1001398,13140,1,13140.0
1001399,19484,3,6495.0
1001401,763,1,763.0
1001404,49985,14,3570.0
1001406,12849,4,3212.0
1001407,24690,8,3086.0
1001410,15354,9,1706.0
1001412,15341,2,7670.0
1001413,55010,12,4584.0
1001414,21365,7,3052.0
1001415,15199,3,5066.0
1001418,37746,8,4718.0
1001420,45840,11,4167.0
1001421,4178,1,4178.0
1001422,124280,36,3452.0
1001423,12274,4,3068.0
1001424,2813,3,938.0
1001425,99463,23,4324.0
1001426,79285,19,4173.0
1001427,19424,2,9712.0
1001430,40634,4,10158.0
1001434,44337,13,3411.0
1001436,18963,1,18963.0
1001437,28415,5,5683.0
1001438,10039,1,10039.0
1001439,7886,1,7886.0
1001440,38808,9,4312.0
1001441,8723,2,4362.0
1001442,46274,6,7712.0
1001444,18905,4,4726.0
1001446,2005,1,2005.0
1001447,87025,22,3956.0
1001448,66118,19,3480.0
1001449,88621,20,4431.0
1001451,140909,35,4026.0
1001454,6131,3,2044.0
1001456,36724,4,9181.0
1001457,49380,12,4115.0
1001459,7814,1,7814.0
1001461,6067,1,6067.0
1001463,11748,2,5874.0
1001465,103674,27,3840.0
1001466,45170,14,3226.0
1001468,21401,9,2378.0
1001470,44220,11,4020.0
1001471,7808,3,2603.0
1001473,37804,9,4200.0
1001474,22887,14,1635.0
1001475,3961,2,1980.0
1001476,18620,10,1862.0
1001480,3607,3,1202.0
1001482,12247,7,1750.0
1001483,43694,13,3361.0
1001485,12581,6,2097.0
1001487,19821,6,3304.0
1001489,13923,8,1740.0
1001490,56695,13,4361.0
1001491,39558,12,3296.0
1001492,27498,3,9166.0
1001494,12382,9,1376.0
1001495,56881,14,4063.0
1001496,111910,21,5329.0
1001498,2007,2,1004.0
1001499,24284,3,8095.0
1001500,26390,11,2399.0
1001501,43452,16,2716.0
1001502,47315,8,5914.0
1001503,93648,12,7804.0
1001505,46597,13,3584.0
1001506,20359,1,20359.0
1001507,8071,4,2018.0
1001509,15413,4,3853.0
1001510,2345,1,2345.0
1001511,7775,4,1944.0
1001512,2782,1,2782.0
1001513,29988,6,4998.0
1001514,22169,8,2771.0
1001516,2313,4,578.0
1001520,20312,4,5078.0
1001522,17378,7,2483.0
1001523,14945,3,4982.0
1001524,18113,7,2588.0
1001525,11827,1,11827.0
1001526,7976,1,7976.0
1001527,5194,4,1298.0
1001528,19511,2,9756.0
1001530,42257,8,5282.0
1001531,19089,2,9544.0
1001532,19448,1,19448.0
1001533,7847,4,1962.0
1001540,13520,1,13520.0
1001541,11789,4,2947.0
1001542,574,4,144.0
1001543,20670,5,4134.0
1001544,16380,4,4095.0
1001545,46723,13,3594.0
1001546,29060,10,2906.0
1001548,15448,4,3862.0
1001549,7099,3,2366.0
1001550,13618,2,6809.0
1001551,15182,3,5061.0
1001552,35262,10,3526.0
1001556,41420,12,3452.0
1001557,24626,5,4925.0
1001559,6126,1,6126.0
1001561,8420,4,2105.0
1001563,29734,6,4956.0
1001564,20460,4,5115.0
1001567,16390,3,5463.0
1001571,18536,4,4634.0
1001574,7979,1,7979.0
1001575,22135,5,4427.0
1001577,8041,3,2680.0
1001579,59788,25,2392.0
1001584,29184,14,2085.0
1001585,3427,1,3427.0
1001586,32899,11,2991.0
1001587,33183,11,3017.0
1001591,71619,16,4476.0
1001592,19173,6,3196.0
1001593,43841,6,7307.0
1001594,15749,4,3937.0
1001595,2143,2,1072.0
1001598,6618,7,945.0
1001599,69283,19,3646.0
1001600,16750,4,4188.0
1001601,11860,8,1482.0
1001605,66569,12,5547.0
1001606,23789,5,4758.0
1001607,39755,7,5679.0
1001608,7977,1,7977.0
1001609,20673,3,6891.0
1001611,52695,15,3513.0
1001613,80284,19,4225.0
1001616,15457,1,15457.0
1001618,39465,10,3946.0
1001619,4584,3,1528.0
1001620,7431,3,2477.0
1001624,24395,9,2711.0
1001626,23173,10,2317.0
1001628,7930,7,1133.0
1001630,16377,4,4094.0
1001631,27410,4,6852.0
1001632,69660,24,2902.0
1001634,19273,4,4818.0
1001635,25874,10,2587.0
1001636,32889,6,5482.0
1001637,11954,4,2988.0
1001638,3129,2,1564.0
1001639,87276,26,3357.0
1001640,30995,7,4428.0
1001641,16074,7,2296.0
1001643,25595,9,2844.0
1001645,46946,13,3611.0
1001647,103812,32,3244.0
1001648,7715,4,1929.0
1001650,23862,7,3409.0
1001654,6942,4,1736.0
1001655,5876,2,2938.0
1001657,21178,2,10589.0
1001658,39590,12,3299.0
1001665,30585,8,3823.0
1001666,87022,22,3956.0
1001667,100810,15,6721.0
1001668,9832,4,2458.0
1001669,22823,3,7608.0
1001671,56490,19,2973.0
1001673,1895,2,948.0
1001675,34799,18,1933.0
1001676,60760,23,2642.0
1001677,15359,1,15359.0
1001679,24742,5,4948.0
1001680,281034,58,4845.0
1001681,55365,13,4259.0
1001685,52185,15,3479.0
1001687,64403,15,4294.0
1001688,28237,11,2567.0
1001692,15280,2,7640.0
1001693,37190,11,3381.0
1001694,56950,23,2476.0
1001695,25810,8,3226.0
1001696,39110,14,2794.0
1001697,27124,16,1695.0
1001699,52767,8,6596.0
1001701,16743,5,3349.0
1001703,5460,2,2730.0
1001706,23714,4,5928.0
1001709,11838,3,3946.0
1001710,3534,4,884.0
1001712,12944,8,1618.0
1001714,15541,1,15541.0
1001715,18085,8,2261.0
1001716,19072,2,9536.0
1001717,8655,4,2164.0
1001721,51818,7,7403.0
1001722,6923,1,6923.0
1001723,15467,6,2578.0
1001726,31727,5,6345.0
1001727,53426,11,4857.0
1001728,9917,3,3306.0
1001731,7793,4,1948.0
1001733,131809,34,3877.0
1001734,1994,2,997.0
1001736,54906,12,4576.0
1001737,102678,33,3111.0
1001738,7023,1,7023.0
1001740,5317,4,1329.0
1001741,73188,22,3327.0
1001742,12835,2,6418.0
1001744,10791,3,3597.0
1001746,25026,7,3575.0
1001748,47688,14,3406.0
1001749,71240,20,3562.0
1001750,7421,1,7421.0
1001752,91295,20,4565.0
1001753,55079,12,4590.0
1001754,8681,3,2894.0
1001755,38316,10,3832.0
1001757,79603,14,5686.0
1001758,16923,14,1209.0
1001759,20986,7,2998.0
1001760,5856,2,2928.0
1001763,16456,3,5485.0
1001764,18009,9,2001.0
1001765,16443,1,16443.0
1001767,17938,6,2990.0
1001768,5456,3,1819.0
1001769,7190,4,1798.0
1001770,10691,1,10691.0
1001772,8187,4,2047.0
1001774,2160,1,2160.0
1001775,19349,6,3225.0
1001776,23387,6,3898.0
1001777,19654,3,6551.0
1001778,46236,15,3082.0
1001779,32397,9,3600.0
1001780,49138,13,3780.0
1001782,697,3,232.0
1001790,22743,2,11372.0
1001791,5214,1,5214.0
1001792,11820,2,5910.0
1001793,12124,4,3031.0
1001794,49248,13,3788.0
1001796,22152,8,2769.0
1001797,37460,10,3746.0
1001798,5324,4,1331.0
1001799,7589,3,2530.0
1001803,32094,4,8024.0
1001804,47025,11,4275.0
1001805,23345,9,2594.0
1001806,27030,7,3861.0
1001807,47354,8,5919.0
1001810,3651,4,913.0
1001812,55862,15,3724.0
1001817,33203,6,5534.0
1001819,20066,2,10033.0
1001820,52539,10,5254.0
1001822,1498,1,1498.0
1001824,14631,5,2926.0
1001828,9713,1,9713.0
1001831,3147,4,787.0
1001832,5208,2,2604.0
1001834,7015,3,2338.0
1001835,144545,40,3614.0
1001836,52824,7,7546.0
1001837,89672,23,3899.0
1001838,12523,2,6262.0
1001839,7865,2,3932.0
1001841,14904,6,2484.0
1001842,5898,4,1474.0
1001843,32554,8,4069.0
1001844,4436,3,1479.0
1001845,58674,13,4513.0
1001851,46271,9,5141.0
1001853,19583,2,9792.0
1001854,11548,3,3849.0
1001856,8613,4,2153.0
1001858,12725,1,12725.0
1001860,28772,7,4110.0
1001861,87571,13,6736.0
1001862,8338,4,2084.0
1001865,84680,29,2920.0
1001866,18950,6,3158.0
1001867,12300,6,2050.0
1001870,9862,1,9862.0
1001871,11728,2,5864.0
1001873,27563,4,6891.0
1001874,7761,3,2587.0
1001875,42154,12,3513.0
1001879,8097,7,1157.0
1001880,64417,17,3789.0
1001881,41170,6,6862.0
1001882,2114,4,528.0
1001883,89544,14,6396.0
1001884,147686,29,5093.0
1001885,17990,4,4498.0
1001889,79481,23,3456.0
1001891,83530,18,4641.0
1001894,3127,2,1564.0
1001895,19628,4,4907.0
1001896,42879,12,3573.0
1001897,29528,9,3281.0
1001899,57847,24,2410.0
1001901,7126,3,2375.0
1001902,26850,7,3836.0
1001903,30663,5,6133.0
1001904,18785,6,3131.0
1001905,20076,5,4015.0
1001908,21952,9,2439.0
1001912,135897,32,4247.0
1001915,11525,4,2881.0
1001916,46231,12,3853.0
1001917,14513,2,7256.0
1001920,68713,15,4581.0
1001925,3538,3,1179.0
1001926,69375,14,4955.0
1001928,7917,4,1979.0
1001929,8103,2,4052.0
1001934,23556,7,3365.0
1001935,30718,6,5120.0
1001936,8687,3,2896.0
1001937,39663,12,3305.0
1001938,21102,7,3015.0
1001939,26746,8,3343.0
1001941,239147,52,4599.0
1001942,3111,2,1556.0
1001943,83766,29,2888.0
1001946,22783,5,4557.0
1001947,5409,2,2704.0
1001948,12120,2,6060.0
1001952,68127,15,4542.0
1001954,26184,4,6546.0
1001958,80687,22,3668.0
1001959,11695,4,2924.0
1001960,30566,4,7642.0
1001962,67486,21,3214.0
1001963,8080,3,2693.0
1001964,5275,1,5275.0
1001965,6154,4,1538.0
1001967,8557,2,4278.0
1001968,62232,15,4149.0
1001969,101661,27,3765.0
1001972,5983,2,2992.0
1001973,17567,3,5856.0
1001974,41959,17,2468.0
1001976,13526,3,4509.0
1001978,42650,9,4739.0
1001980,132014,39,3385.0
1001983,91189,25,3648.0
1001984,6945,4,1736.0
1001985,24836,3,8279.0
1001987,6921,2,3460.0
1001988,85890,30,2863.0
1001990,48916,6,8153.0
1001993,9243,8,1155.0
1001996,11828,3,3943.0
1001998,28237,9,3137.0
1001999,15263,2,7632.0
1002000,26900,6,4483.0
1002002,777,1,777.0
1002004,20334,8,2542.0
1002008,35229,12,2936.0
1002010,39655,18,2203.0
1002011,32365,10,3236.0
1002012,68946,19,3629.0
1002013,8747,2,4374.0
1002014,11535,4,2884.0
1002015,54862,22,2494.0
1002016,57527,12,4794.0
1002017,17887,7,2555.0
1002018,73738,19,3881.0
1002020,7477,6,1246.0
1002021,8753,3,2918.0
1002022,7190,1,7190.0
1002023,36175,12,3015.0
1002024,20210,3,6737.0
1002025,25723,7,3675.0
1002026,20408,6,3401.0
1002027,15622,2,7811.0
1002029,33629,14,2402.0
1002030,73586,18,4088.0
1002031,34196,13,2630.0
1002033,10087,7,1441.0
1002035,11858,3,3953.0
1002036,15304,2,7652.0
1002037,20278,3,6759.0
1002038,29579,12,2465.0
1002039,16453,1,16453.0
1002041,57120,10,5712.0
1002042,22272,9,2475.0
1002043,62423,17,3672.0
1002045,8847,3,2949.0
1002047,25306,8,3163.0
1002048,21155,5,4231.0
1002049,22366,5,4473.0
1002050,8013,1,8013.0
1002051,26566,9,2952.0
1002052,19283,1,19283.0
1002053,28789,3,9596.0
1002054,17804,7,2543.0
1002055,11338,11,1031.0
1002056,11626,4,2906.0
1002057,23814,5,4763.0
1002059,71153,12,5929.0
1002060,43795,13,3369.0
1002062,8638,3,2879.0
1002063,183363,38,4825.0
1002064,11672,2,5836.0
1002067,20454,2,10227.0
1002068,30433,5,6087.0
1002069,33012,6,5502.0
1002070,6881,4,1720.0
1002071,34385,13,2645.0
1002072,14050,4,3512.0
1002073,47025,11,4275.0
1002078,25517,2,12758.0
1002079,16042,3,5347.0
1002080,6120,4,1530.0
1002081,3021,3,1007.0
1002083,11378,2,5689.0
1002084,1750,1,1750.0
1002085,18601,4,4650.0
1002086,7695,5,1539.0
1002088,55714,9,6190.0
1002089,13284,1,13284.0
1002090,11397,2,5698.0
1002091,8572,3,2857.0
1002092,89869,22,4085.0
1002094,11508,1,11508.0
1002096,13201,1,13201.0
1002097,13445,3,4482.0
1002098,14204,2,7102.0
1002100,11030,3,3677.0
1002102,63086,15,4206.0
1002103,33346,8,4168.0
1002105,69113,22,3142.0
1002106,99918,32,3122.0
1002109,151224,26,5816.0
1002110,19128,6,3188.0
1002111,954,1,954.0
1002113,9659,1,9659.0
1002116,101993,31,3290.0
1002117,16636,1,16636.0
1002119,31250,9,3472.0
1002121,4417,5,883.0
1002122,23790,3,7930.0
1002124,123258,18,6848.0
1002125,55050,15,3670.0
1002126,20405,2,10202.0
1002129,51291,16,3206.0
1002130,12012,2,6006.0
1002131,42085,9,4676.0
1002134,1753,3,584.0
1002136,26302,10,2630.0
1002137,11556,2,5778.0
1002143,25140,8,3142.0
1002145,20039,5,4008.0
1002146,28033,12,2336.0
1002151,19380,3,6460.0
1002153,17907,5,3581.0
1002154,28954,6,4826.0
1002156,36311,12,3026.0
1002157,21657,6,3610.0
1002158,10034,3,3345.0
1002162,35623,8,4453.0
1002163,11590,1,11590.0
1002164,73897,28,2639.0
1002165,40761,7,5823.0
1002166,23426,5,4685.0
1002167,44335,12,3695.0
1002168,11248,6,1875.0
1002172,31735,5,6347.0
1002173,49232,11,4476.0
1002174,12001,4,3000.0
1002175,25785,6,4298.0
1002177,14143,5,2829.0
1002178,29694,9,3299.0
1002179,2129,2,1064.0
1002180,42157,12,3513.0
1002181,70709,17,4159.0
1002183,11432,2,5716.0
1002185,34384,3,11461.0
1002186,33988,10,3399.0
1002188,36151,10,3615.0
1002190,9804,2,4902.0
1002192,19722,9,2191.0
1002194,4502,4,1126.0
1002195,31596,6,5266.0
1002196,5839,1,5839.0
1002198,9783,4,2446.0
1002200,6864,5,1373.0
1002201,22064,5,4413.0
1002203,69099,23,3004.0
1002204,12383,3,4128.0
1002205,80990,26,3115.0
1002206,21023,11,1911.0
1002208,59658,14,4261.0
1002211,7509,2,3754.0
1002212,5994,4,1498.0
1002213,6993,4,1748.0
1002214,11948,7,1707.0
1002215,7772,3,2591.0
1002216,12668,1,12668.0
1002219,13371,2,6686.0
1002221,15806,8,1976.0
1002222,8735,3,2912.0
1002223,53442,16,3340.0
1002225,13420,4,3355.0
1002226,11876,7,1697.0
1002230,9157,4,2289.0
1002231,6107,1,6107.0
1002232,22549,12,1879.0
1002233,31372,5,6274.0
1002234,16614,3,5538.0
1002235,51873,5,10375.0
1002236,20185,2,10092.0
1002237,33675,11,3061.0
1002239,18817,5,3763.0
1002240,16367,2,8184.0
1002241,15805,9,1756.0
1002242,36146,14,2582.0
1002245,16416,4,4104.0
1002247,6077,7,868.0
1002250,9828,3,3276.0
1002251,59217,14,4230.0
1002254,6930,3,2310.0
1002255,9880,2,4940.0
1002257,19325,2,9662.0
1002258,19316,5,3863.0
1002259,14997,2,7498.0
1002261,38704,6,6451.0
1002262,45730,14,3266.0
1002264,21369,5,4274.0
1002265,19567,6,3261.0
1002266,26010,6,4335.0
1002270,9930,1,9930.0
1002271,74736,17,4396.0
1002272,3459,3,1153.0
1002273,16450,2,8225.0
1002275,16364,5,3273.0
1002276,27682,5,5536.0
1002278,18654,8,2332.0
1002279,65997,14,4714.0
1002287,6089,1,6089.0
1002288,43181,16,2699.0
1002289,8138,2,4069.0
1002293,5342,1,5342.0
1002295,16706,2,8353.0
1002296,12957,4,3239.0
1002298,21410,7,3059.0
1002299,8789,4,2197.0
1002302,46533,6,7756.0
1002304,81520,30,2717.0
1002306,36234,7,5176.0
1002307,9972,2,4986.0
1002308,4459,3,1486.0
1002309,8030,4,2008.0
1002313,7145,2,3572.0
1002315,7666,2,3833.0
1002316,19705,7,2815.0
1002320,14245,6,2374.0
1002321,7912,2,3956.0
1002323,1397,3,466.0
1002326,9802,2,4901.0
1002327,3923,1,3923.0
1002328,7077,4,1769.0
1002330,37139,8,4642.0
1002333,9795,3,3265.0
1002334,86121,16,5383.0
1002335,13162,4,3290.0
1002337,10958,6,1826.0
1002338,18841,7,2692.0
1002340,98664,15,6578.0
1002342,43463,8,5433.0
1002344,3500,1,3500.0
1002346,16733,6,2789.0
1002348,54887,18,3049.0
1002352,20478,10,2048.0
1002353,28147,9,3127.0
1002358,15539,1,15539.0
1002359,19293,4,4823.0
1002360,18036,6,3006.0
1002361,4171,2,2086.0
1002368,12688,6,2115.0
1002369,7813,3,2604.0
1002374,17947,7,2564.0
1002376,61075,12,5090.0
1002378,26141,7,3734.0
1002380,96781,25,3871.0
1002383,118993,22,5409.0
1002384,4143,2,2072.0
1002385,9780,1,9780.0
1002386,2167,4,542.0
1002388,2272,1,2272.0
1002389,67913,19,3574.0
1002391,7990,2,3995.0
1002392,10262,1,10262.0
1002393,10597,5,2119.0
1002395,27387,3,9129.0
1002396,11602,3,3867.0
1002401,3120,1,3120.0
1002402,36634,6,6106.0
1002404,11714,1,11714.0
1002407,20600,4,5150.0
1002408,25840,6,4307.0
1002410,15006,6,2501.0
1002411,15641,8,1955.0
1002412,7798,4,1950.0
1002413,16687,1,16687.0
1002414,26063,11,2369.0
1002415,7116,3,2372.0
1002416,4056,1,4056.0
1002418,14852,7,2122.0
1002419,94321,27,3493.0
1002420,20364,4,5091.0
1002421,10058,4,2514.0
1002427,11520,3,3840.0
1002428,28181,5,5636.0
1002429,16461,3,5487.0
1002430,2273,3,758.0
1002433,10750,7,1536.0
1002434,11760,4,2940.0
1002435,15905,2,7952.0
1002436,20305,7,2901.0
1002437,15347,4,3837.0
1002438,22747,8,2843.0
1002444,12063,3,4021.0
1002445,37448,12,3121.0
1002446,18394,10,1839.0
1002447,5173,3,1724.0
1002451,7912,4,1978.0
1002453,46134,20,2307.0
1002454,8865,1,8865.0
1002455,33257,6,5543.0
1002456,30668,5,6134.0
1002457,99760,27,3695.0
1002458,4247,1,4247.0
1002459,30430,10,3043.0
1002460,9850,3,3283.0
1002462,43103,10,4310.0
1002465,16396,3,5465.0
1002466,2765,2,1382.0
1002468,30413,9,3379.0
1002469,15596,4,3899.0
1002472,38846,5,7769.0
1002475,7700,6,1283.0
1002476,4527,2,2264.0
1002477,14176,2,7088.0
1002478,34247,7,4892.0
1002479,3728,3,1243.0
1002481,3654,3,1218.0
1002483,15218,1,15218.0
1002484,88856,22,4039.0
1002485,53922,11,4902.0
1002486,19286,5,3857.0
1002489,15205,3,5068.0
1002491,24579,4,6145.0
1002492,6995,4,1749.0
1002494,16774,2,8387.0
1002496,36319,10,3632.0
1002497,6188,6,1031.0
1002498,16730,3,5577.0
1002502,14816,3,4939.0
1002503,37312,6,6219.0
1002504,36795,11,3345.0
1002505,3772,3,1257.0
1002506,12846,5,2569.0
1002507,167347,37,4523.0
1002510,1425,1,1425.0
1002511,27714,2,13857.0
1002515,25650,5,5130.0
1002517,11805,1,11805.0
1002518,16444,1,16444.0
1002520,30395,7,4342.0
1002522,15952,4,3988.0
1002523,41623,11,3784.0
1002525,8011,1,8011.0
1002526,50093,8,6262.0
1002528,11380,1,11380.0
1002529,33006,5,6601.0
1002532,13158,2,6579.0
1002533,36295,10,3630.0
1002535,3129,3,1043.0
1002536,15517,1,15517.0
1002537,88463,28,3159.0
1002540,18089,6,3015.0
1002541,46488,17,2735.0
1002544,103569,32,3237.0
1002546,11634,3,3878.0
1002547,8313,4,2078.0
1002549,4039,4,1010.0
1002552,34651,9,3850.0
1002559,26401,11,2400.0
1002561,15807,2,7904.0
1002564,15168,3,5056.0
1002565,42214,12,3518.0
1002566,8202,2,4101.0
1002567,5366,1,5366.0
1002570,8983,2,4492.0
1002571,19608,2,9804.0
1002572,19734,10,1973.0
1002575,23856,10,2386.0
1002576,21386,6,3564.0
1002577,3643,1,3643.0
1002581,50769,8,6346.0
1002583,26839,16,1677.0
1002585,3477,1,3477.0
1002589,7010,2,3505.0
1002590,29489,3,9830.0
1002592,44637,8,5580.0
1002594,10706,2,5353.0
1002595,19763,6,3294.0
1002599,18502,6,3084.0
1002600,5205,1,5205.0
1002603,15239,3,5080.0
1002604,12358,9,1373.0
1002605,3426,4,856.0
1002608,9272,6,1545.0
1002611,93829,28,3351.0
1002613,6892,1,6892.0
1002617,12579,3,4193.0
1002618,7181,2,3590.0
1002619,27121,7,3874.0
1002620,22663,4,5666.0
1002621,13981,5,2796.0
1002624,15095,4,3774.0
1002625,27277,6,4546.0
1002626,6899,3,2300.0
1002627,64129,7,9161.0
1002628,31558,7,4508.0
1002629,6996,1,6996.0
1002630,19119,1,19119.0
1002631,19251,2,9626.0
1002634,12267,7,1752.0
1002636,7720,4,1930.0
1002637,15676,2,7838.0
1002638,54714,9,6079.0
1002640,8106,2,4053.0
1002641,14540,6,2423.0
1002643,63200,13,4862.0
1002644,9703,3,3234.0
1002645,22435,9,2493.0
1002649,19322,13,1486.0
1002650,22433,6,3739.0
1002651,20384,9,2265.0
1002652,15181,4,3795.0
1002654,5259,3,1753.0
1002655,24511,3,8170.0
1002656,5978,4,1494.0
1002657,9733,2,4866.0
1002659,6880,4,1720.0
1002660,12074,3,4025.0
1002661,11562,6,1927.0
1002663,12893,4,3223.0
1002664,65626,8,8203.0
1002665,201104,50,4022.0
1002666,25393,8,3174.0
1002668,15197,2,7598.0
1002671,5186,4,1296.0
1002676,99029,28,3537.0
1002677,3936,6,656.0
1002678,16834,2,8417.0
1002679,10673,2,5336.0
1002680,11325,6,1888.0
1002681,2786,1,2786.0
1002682,14914,4,3728.0
1002683,10016,2,5008.0
1002685,42505,9,4723.0
1002688,32674,8,4084.0
1002691,15766,6,2628.0
1002692,16477,2,8238.0
1002693,6035,1,6035.0
1002694,14158,4,3540.0
1002699,28863,10,2886.0
1002700,39556,9,4395.0
1002701,58894,18,3272.0
1002703,5435,3,1812.0
1002704,8585,4,2146.0
1002706,5174,3,1725.0
1002707,26681,5,5336.0
1002711,12891,1,12891.0
1002716,8637,2,4318.0
1002718,24697,7,3528.0
1002719,6923,2,3462.0
1002721,12065,1,12065.0
1002724,38746,6,6458.0
1002726,8128,3,2709.0
1002730,37885,5,7577.0
1002731,37355,5,7471.0
1002732,23238,5,4648.0
1002733,26534,6,4422.0
1002734,25180,5,5036.0
1002735,3821,1,3821.0
1002736,8146,1,8146.0
1002737,7154,1,7154.0
1002738,12131,4,3033.0
1002740,9314,4,2328.0
1002742,23023,5,4605.0
1002743,47684,7,6812.0
1002744,32426,9,3603.0
1002745,7939,2,3970.0
1002747,58118,7,8303.0
1002748,66310,19,3490.0
1002751,17673,4,4418.0
1002752,69348,16,4334.0
1002753,73773,19,3883.0
1002754,10042,2,5021.0
1002756,19420,12,1618.0
1002757,11813,2,5906.0
1002759,4507,1,4507.0
1002760,24283,7,3469.0
1002761,64247,14,4589.0
1002762,16197,3,5399.0
1002764,29208,9,3245.0
1002765,20589,2,10294.0
1002766,20966,5,4193.0
1002768,15542,4,3886.0
1002769,11778,5,2356.0
1002770,7629,2,3814.0
1002771,55207,11,5019.0
1002772,6969,4,1742.0
1002773,32507,10,3251.0
1002774,57597,14,4114.0
1002776,9815,4,2454.0
1002777,80865,31,2609.0
1002778,27944,8,3493.0
1002782,15732,2,7866.0
1002783,7132,2,3566.0
1002784,36185,9,4021.0
1002786,70816,12,5901.0
1002787,19859,5,3972.0
1002788,25235,8,3154.0
1002793,91873,30,3062.0
1002794,17630,3,5877.0
1002795,9786,2,4893.0
1002796,38506,14,2750.0
1002797,15191,4,3798.0
1002798,27382,10,2738.0
1002799,15633,1,15633.0
1002800,8088,1,8088.0
1002801,19401,7,2772.0
1002803,19510,3,6503.0
1002804,14931,5,2986.0
1002806,25728,8,3216.0
1002807,12926,5,2585.0
1002808,20008,7,2858.0
1002810,14771,2,7386.0
1002811,7115,4,1779.0
1002812,2147,2,1074.0
1002814,36481,10,3648.0
1002815,2313,4,578.0
1002817,21478,7,3068.0
1002818,41290,15,2753.0
1002820,68530,20,3426.0
1002822,9944,4,2486.0
1002824,31432,11,2857.0
1002825,25591,14,1828.0
1002826,21488,6,3581.0
1002830,8054,4,2014.0
1002831,6900,2,3450.0
1002832,5926,2,2963.0
1002833,15256,4,3814.0
1002837,21247,3,7082.0
1002840,16267,5,3253.0
1002841,55597,12,4633.0
1002843,23086,3,7695.0
1002844,5297,3,1766.0
1002845,3790,3,1263.0
1002847,30012,8,3752.0
1002848,38298,11,3482.0
1002849,19506,3,6502.0
1002852,42658,12,3555.0
1002854,47117,9,5235.0
1002857,142798,33,4327.0
1002858,20965,5,4193.0
1002859,24123,7,3446.0
1002860,63503,15,4234.0
1002862,11478,4,2870.0
1002863,5967,3,1989.0
1002866,55471,14,3962.0
1002868,38210,8,4776.0
1002870,15162,1,15162.0
1002872,36961,7,5280.0
1002873,11773,4,2943.0
1002874,19028,8,2378.0
1002875,16362,1,16362.0
1002877,11919,2,5960.0
1002878,51863,15,3458.0
1002880,23479,8,2935.0
1002881,5382,3,1794.0
1002883,21374,5,4275.0
1002885,19845,3,6615.0
1002886,12569,5,2514.0
1002887,38674,10,3867.0
1002888,92191,20,4610.0
1002889,64914,8,8114.0
1002890,30942,13,2380.0
1002892,8707,3,2902.0
1002894,5255,1,5255.0
1002895,37174,22,1690.0
1002896,31493,8,3937.0
1002897,3738,3,1246.0
1002898,47494,12,3958.0
1002899,56726,10,5673.0
1002900,14914,3,4971.0
1002901,18444,10,1844.0
1002902,15952,4,3988.0
1002903,23952,1,23952.0
1002904,6972,2,3486.0
1002905,15162,8,1895.0
1002906,5298,4,1324.0
1002907,26696,9,2966.0
1002909,124295,34,3656.0
1002910,16456,1,16456.0
1002911,29143,7,4163.0
1002913,44694,19,2352.0
1002914,15944,5,3189.0
1002916,6951,4,1738.0
1002918,42692,14,3049.0
1002919,9792,3,3264.0
1002921,15894,4,3974.0
1002922,18711,5,3742.0
1002926,61102,10,6110.0
1002927,38296,7,5471.0
1002928,22412,10,2241.0
1002929,29319,11,2665.0
1002930,16826,4,4206.0
1002931,7799,1,7799.0
1002932,12564,2,6282.0
1002933,17051,4,4263.0
1002934,128714,27,4767.0
1002935,15389,1,15389.0
1002938,13203,4,3301.0
1002939,8760,4,2190.0
1002941,53566,12,4464.0
1002942,43529,5,8706.0
1002943,23214,8,2902.0
1002946,55925,12,4660.0
1002948,15361,2,7680.0
1002949,5920,4,1480.0
1002953,28012,7,4002.0
1002955,23845,6,3974.0
1002956,20283,4,5071.0
1002957,5415,2,2708.0
1002959,22483,5,4497.0
1002960,15348,2,7674.0
1002962,22855,6,3809.0
1002966,42285,5,8457.0
1002967,71812,17,4224.0
1002968,22627,5,4525.0
1002969,28421,7,4060.0
1002972,31157,4,7789.0
1002974,3000,4,750.0
1002975,11764,1,11764.0
1002979,36097,4,9024.0
1002980,19004,1,19004.0
1002983,6862,1,6862.0
1002985,14746,5,2949.0
1002986,98537,22,4479.0
1002987,15874,1,15874.0
1002990,52848,8,6606.0
1002991,7792,1,7792.0
1002993,12354,3,4118.0
1002994,43805,10,4380.0
1002995,42664,9,4740.0
1002996,27411,2,13706.0
1002997,5834,1,5834.0
1002998,6908,3,2303.0
1002999,11681,4,2920.0
1003000,13715,5,2743.0
1003001,15549,1,15549.0
1003002,12034,3,4011.0
1003005,23340,7,3334.0
1003006,12404,3,4135.0
1003007,49572,17,2916.0
1003010,8055,4,2014.0
1003011,16959,7,2423.0
1003012,36981,5,7396.0
1003013,68397,22,3109.0
1003014,23030,4,5758.0
1003017,43929,10,4393.0
1003018,31887,6,5314.0
1003022,37640,6,6273.0
1003024,30932,10,3093.0
1003025,38157,8,4770.0
1003026,51866,10,5187.0
1003029,44180,11,4016.0
1003031,83975,20,4199.0
1003032,82412,21,3924.0
1003033,15825,1,15825.0
1003036,32519,6,5420.0
1003037,11547,1,11547.0
1003038,10674,3,3558.0
1003039,5147,2,2574.0
1003041,64465,12,5372.0
1003043,4224,3,1408.0
1003044,17712,4,4428.0
1003046,8646,2,4323.0
1003047,7795,4,1949.0
1003051,71338,6,11890.0
1003053,3487,3,1162.0
1003054,19689,5,3938.0
1003055,62723,18,3485.0
1003056,29584,7,4226.0
1003057,32444,7,4635.0
1003058,6979,4,1745.0
1003059,21356,2,10678.0
1003061,1848,2,924.0
1003062,15204,3,5068.0
1003063,25142,6,4190.0
1003064,23675,5,4735.0
1003065,25118,10,2512.0
1003067,112395,32,3512.0
1003069,25482,4,6370.0
1003072,13630,6,2272.0
1003074,13434,5,2687.0
1003075,26222,16,1639.0
1003079,37802,6,6300.0
1003080,30778,9,3420.0
1003081,89336,19,4702.0
1003082,48251,11,4386.0
1003083,11944,5,2389.0
1003085,23660,8,2958.0
1003086,4391,2,2196.0
1003087,39310,15,2621.0
1003089,2052,2,1026.0
1003090,3960,4,990.0
1003091,15970,3,5323.0
1003092,13617,7,1945.0
1003093,12216,5,2443.0
1003094,27710,3,9237.0
1003095,31771,10,3177.0
1003096,34716,10,3472.0
1003099,59131,9,6570.0
1003101,18018,7,2574.0
1003103,11748,3,3916.0
1003104,1879,2,940.0
1003105,26475,5,5295.0
1003108,59050,7,8436.0
1003109,22522,6,3754.0
1003110,6981,2,3490.0
1003111,61415,15,4094.0
1003112,5286,3,1762.0
1003114,951,1,951.0
1003115,13787,5,2757.0
1003116,15613,4,3903.0
1003118,117287,21,5585.0
1003119,19520,5,3904.0
1003121,29578,12,2465.0
1003122,5450,1,5450.0
1003123,9732,3,3244.0
1003125,14156,5,2831.0
1003128,57052,13,4389.0
1003129,77557,22,3525.0
1003130,12211,4,3053.0
1003131,20165,2,10082.0
1003132,27392,3,9131.0
1003134,14489,6,2415.0
1003138,57958,10,5796.0
1003140,6204,4,1551.0
1003141,22692,9,2521.0
1003142,7512,1,7512.0
1003145,23864,7,3409.0
1003146,7993,4,1998.0
1003147,38989,8,4874.0
1003148,5463,1,5463.0
1003153,34882,5,6976.0
1003154,33569,11,3052.0
1003157,5960,1,5960.0
1003158,31056,6,5176.0
1003159,40343,12,3362.0
1003161,16105,4,4026.0
1003167,17517,10,1752.0
1003169,9790,2,4895.0
1003170,3924,3,1308.0
1003171,31340,4,7835.0
1003173,15266,10,1527.0
1003178,9563,3,3188.0
1003180,36472,15,2431.0
1003181,9962,3,3321.0
1003182,95619,18,5312.0
1003189,52098,6,8683.0
1003190,9831,3,3277.0
1003191,15796,7,2257.0
1003192,45098,13,3469.0
1003196,53782,13,4137.0
1003198,37313,6,6219.0
1003201,75127,15,5008.0
1003202,19499,7,2786.0
1003203,20398,3,6799.0
1003205,7795,2,3898.0
1003206,15567,4,3892.0
1003208,48293,14,3450.0
1003209,7930,4,1982.0
1003211,32214,7,4602.0
1003213,36093,7,5156.0
1003216,33578,9,3731.0
1003217,25960,11,2360.0
1003218,19487,3,6496.0
1003219,5271,3,1757.0
1003220,16297,2,8148.0
1003224,94955,18,5275.0
1003227,70049,16,4378.0
1003229,15053,4,3763.0
1003230,5853,1,5853.0
1003231,4012,2,2006.0
1003232,24629,6,4105.0
1003233,3578,1,3578.0
1003237,51974,10,5197.0
1003240,13446,6,2241.0
1003242,40689,10,4069.0
1003243,21884,6,3647.0
1003245,20468,1,20468.0
1003246,8681,4,2170.0
1003247,6159,4,1540.0
1003248,9872,3,3291.0
1003250,7776,4,1944.0
1003253,29603,7,4229.0
1003259,67213,18,3734.0
1003260,17813,5,3563.0
1003261,95085,25,3803.0
1003263,8129,1,8129.0
1003264,8162,1,8162.0
1003265,72055,17,4239.0
1003266,6004,2,3002.0
1003267,39077,6,6513.0
1003268,7850,3,2617.0
1003272,108961,22,4953.0
1003273,12670,4,3168.0
1003274,37854,7,5408.0
1003275,18185,5,3637.0
1003277,8822,2,4411.0
1003278,12308,2,6154.0
1003279,15059,5,3012.0
1003280,36880,11,3353.0
1003281,37088,9,4121.0
1003282,5315,1,5315.0
1003283,50616,14,3615.0
1003285,31183,11,2835.0
1003288,16578,1,16578.0
1003290,12420,3,4140.0
1003292,98233,27,3638.0
1003294,5995,3,1998.0
1003299,11610,3,3870.0
1003300,12377,4,3094.0
1003301,60070,13,4621.0
1003304,32623,9,3625.0
1003305,16643,7,2378.0
1003307,4084,4,1021.0
1003308,135683,26,5219.0
1003309,41277,9,4586.0
1003311,183904,32,5747.0
1003312,78940,18,4386.0
1003313,54097,14,3864.0
1003314,31951,12,2663.0
1003315,33472,4,8368.0
1003317,19638,2,9819.0
1003319,21508,8,2688.0
1003320,119341,27,4420.0
1003321,16527,2,8264.0
1003325,8874,2,4437.0
1003326,11450,2,5725.0
1003327,46297,7,6614.0
1003328,47971,14,3426.0
1003329,15402,1,15402.0
1003331,39004,13,3000.0
1003333,9394,4,2348.0
1003335,9940,3,3313.0
1003336,90935,19,4786.0
1003337,7096,1,7096.0
1003339,12758,3,4253.0
1003340,16216,7,2317.0
1003341,25939,5,5188.0
1003343,2808,1,2808.0
1003345,49547,10,4955.0
1003346,43745,10,4374.0
1003349,24301,6,4050.0
1003352,5158,1,5158.0
1003353,26865,3,8955.0
1003354,13922,3,4641.0
1003356,24640,3,8213.0
1003357,11882,2,5941.0
1003358,19531,1,19531.0
1003359,864,1,864.0
1003360,3557,3,1186.0
1003361,47933,7,6848.0
1003363,12436,3,4145.0
1003364,5461,4,1365.0
1003365,67940,14,4853.0
1003367,18583,8,2323.0
1003370,13231,7,1890.0
1003371,22212,8,2776.0
1003377,11393,2,5696.0
1003378,37619,15,2508.0
1003380,75387,27,2792.0
1003384,60213,10,6021.0
1003385,7906,2,3953.0
1003386,16258,3,5419.0
1003387,7843,4,1961.0
1003389,35057,11,3187.0
1003390,14647,5,2929.0
1003391,133235,32,4164.0
1003393,38344,12,3195.0
1003394,15892,4,3973.0
1003395,10677,3,3559.0
1003396,20875,4,5219.0
1003398,15781,1,15781.0
1003399,14548,8,1818.0
1003400,15613,1,15613.0
1003401,109465,28,3909.0
1003402,39673,11,3607.0
1003403,10170,5,2034.0
1003407,3148,2,1574.0
1003408,19070,2,9535.0
1003409,15217,4,3804.0
1003410,128249,31,4137.0
1003411,9131,10,913.0
1003412,22090,2,11045.0
1003413,7166,5,1433.0
1003414,14059,2,7030.0
1003415,29906,2,14953.0
1003416,68542,21,3264.0
1003417,7099,3,2366.0
1003418,25731,8,3216.0
1003420,7847,3,2616.0
1003422,33017,10,3302.0
1003423,36290,8,4536.0
1003425,22235,12,1853.0
1003426,3767,4,942.0
1003430,22135,5,4427.0
1003431,4220,3,1407.0
1003432,16216,4,4054.0
1003434,10194,5,2039.0
1003436,15944,3,5315.0
1003437,37545,7,5364.0
1003438,10876,5,2175.0
1003441,20679,7,2954.0
1003443,11971,1,11971.0
1003445,21342,9,2371.0
1003447,7192,4,1798.0
1003449,5351,2,2676.0
1003450,19312,4,4828.0
1003452,2994,1,2994.0
1003453,7843,1,7843.0
1003454,60815,14,4344.0
1003456,5949,6,992.0
1003457,19765,5,3953.0
1003458,66672,14,4762.0
1003462,13715,7,1959.0
1003463,10009,3,3336.0
1003464,50855,12,4238.0
1003465,39061,8,4883.0
1003466,7907,4,1977.0
1003467,7043,1,7043.0
1003468,20659,2,10330.0
1003469,83452,19,4392.0
1003471,88491,25,3540.0
1003472,14986,5,2997.0
1003473,27327,3,9109.0
1003474,28001,9,3111.0
1003475,81995,21,3905.0
1003476,220435,57,3867.0
1003477,41927,8,5241.0
1003479,18909,3,6303.0
1003481,13497,7,1928.0
1003483,70632,22,3211.0
1003486,5277,4,1319.0
1003487,57385,10,5738.0
1003488,15198,4,3800.0
1003489,7754,2,3877.0
1003490,32435,10,3244.0
1003491,102080,24,4253.0
1003492,16588,1,16588.0
1003493,33909,9,3768.0
1003498,12310,6,2052.0
1003499,50315,18,2795.0
1003500,7026,4,1756.0
1003501,10143,7,1449.0
1003503,88827,19,4675.0
1003504,11763,2,5882.0
1003505,21781,8,2723.0
1003506,5434,5,1087.0
1003507,104907,26,4035.0
1003508,3743,3,1248.0
1003509,57130,17,3361.0
1003510,9886,2,4943.0
1003512,19731,9,2192.0
1003513,28853,6,4809.0
1003515,20930,7,2990.0
1003518,37060,15,2471.0
1003519,89221,26,3432.0
1003521,30355,9,3373.0
1003524,9950,2,4975.0
1003526,170545,32,5330.0
1003527,15567,5,3113.0
1003529,19634,7,2805.0
1003532,3110,4,778.0
1003533,14160,2,7080.0
1003536,20433,3,6811.0
1003537,12959,3,4320.0
1003538,69279,18,3849.0
1003539,73271,21,3489.0
1003540,8659,5,1732.0
1003541,15260,2,7630.0
1003546,90960,16,5685.0
1003547,70882,17,4170.0
1003550,26275,7,3754.0
1003552,8808,2,4404.0
1003553,25258,3,8419.0
1003554,15877,3,5292.0
1003557,113470,24,4728.0
1003558,28886,8,3611.0
1003559,6905,4,1726.0
1003560,23811,6,3968.0
1003562,95557,29,3295.0
1003563,36261,7,5180.0
1003565,8154,6,1359.0
1003567,16201,4,4050.0
1003568,8417,1,8417.0
1003569,47851,18,2658.0
1003572,40353,16,2522.0
1003573,15163,8,1895.0
1003574,1881,1,1881.0
1003576,182060,44,4138.0
1003577,6019,4,1505.0
1003578,12467,5,2493.0
1003579,34532,14,2467.0
1003580,49997,8,6250.0
1003584,10081,2,5040.0
1003585,33928,3,11309.0
1003588,16090,6,2682.0
1003589,69049,10,6905.0
1003590,21532,4,5383.0
1003592,40923,14,2923.0
1003594,40048,11,3641.0
1003596,11409,4,2852.0
1003597,3570,4,892.0
1003600,48506,11,4410.0
1003601,31498,6,5250.0
1003602,12014,1,12014.0
1003603,24540,3,8180.0
1003604,9862,1,9862.0
1003606,582,4,146.0
1003607,9678,3,3226.0
1003608,15318,4,3830.0
1003609,13073,5,2615.0
1003610,70915,27,2626.0
1003611,23536,4,5884.0
1003612,51152,14,3654.0
1003613,9586,3,3195.0
1003614,12455,2,6228.0
1003615,48637,9,5404.0
1003616,25414,7,3631.0
1003618,189921,39,4870.0
1003619,22031,9,2448.0
1003620,71492,16,4468.0
1003621,59324,12,4944.0
1003622,33118,4,8280.0
1003624,19594,6,3266.0
1003625,50468,13,3882.0
1003626,103171,25,4127.0
1003629,7800,4,1950.0
1003630,19604,4,4901.0
1003633,19399,1,19399.0
1003634,7162,1,7162.0
1003635,66247,18,3680.0
1003636,4035,1,4035.0
1003638,6144,3,2048.0
1003639,7818,4,1954.0
1003640,7951,3,2650.0
1003641,129637,26,4986.0
1003643,27447,6,4574.0
1003644,7956,3,2652.0
1003648,66392,14,4742.0
1003649,3607,2,1804.0
1003650,126701,27,4693.0
1003651,17096,7,2442.0
1003652,30947,8,3868.0
1003654,15706,4,3926.0
1003655,19671,1,19671.0
1003657,8592,2,4296.0
1003658,32326,6,5388.0
1003659,1665,2,832.0
1003660,4191,4,1048.0
1003661,29584,7,4226.0
1003662,19533,4,4883.0
1003664,15874,3,5291.0
1003665,33259,5,6652.0
1003669,40665,11,3697.0
1003670,3069,2,1534.0
1003671,9990,1,9990.0
1003672,3629,4,907.0
1003673,7584,4,1896.0
1003675,58628,21,2792.0
1003677,7784,3,2595.0
1003679,42335,19,2228.0
1003681,72413,13,5570.0
1003683,90102,21,4291.0
1003684,28593,3,9531.0
1003685,27999,6,4666.0
1003686,11639,4,2910.0
1003687,14365,7,2052.0
1003688,44453,10,4445.0
1003689,19587,4,4897.0
1003690,71429,24,2976.0
1003691,30425,9,3381.0
1003692,7010,3,2337.0
1003693,41385,8,5173.0
1003694,20483,4,5121.0
1003695,20175,6,3362.0
1003697,55594,10,5559.0
1003698,11584,2,5792.0
1003701,12802,2,6401.0
1003704,3075,4,769.0
1003705,63443,18,3525.0
1003706,5847,2,2924.0
1003707,7998,4,2000.0
1003709,30626,9,3403.0
1003711,34974,7,4996.0
1003712,19569,11,1779.0
1003713,30591,13,2353.0
1003714,19608,5,3922.0
1003715,39872,4,9968.0
1003716,70798,17,4165.0
1003717,24371,4,6093.0
1003718,7192,4,1798.0
1003720,14869,6,2478.0
1003722,19630,3,6543.0
1003723,19054,1,19054.0
1003724,55702,13,4285.0
1003726,64762,9,7196.0
1003727,27677,10,2768.0
1003728,12580,4,3145.0
1003729,39452,13,3035.0
1003730,16472,3,5491.0
1003732,12277,8,1535.0
1003733,50950,7,7279.0
1003735,75014,17,4413.0
1003736,12095,1,12095.0
1003737,31513,4,7878.0
1003738,16376,2,8188.0
1003739,8719,4,2180.0
1003741,40875,6,6812.0
1003742,25148,8,3144.0
1003743,30831,3,10277.0
1003745,35170,7,5024.0
1003746,58874,14,4205.0
1003751,38716,6,6453.0
1003752,22165,8,2771.0
1003754,15836,4,3959.0
1003755,9968,4,2492.0
1003756,4487,2,2244.0
1003757,8104,1,8104.0
1003760,42272,10,4227.0
1003761,19353,6,3226.0
1003762,36093,7,5156.0
1003763,29733,7,4248.0
1003768,85893,24,3579.0
1003769,35071,11,3188.0
1003770,9898,3,3299.0
1003771,67101,20,3355.0
1003773,35837,7,5120.0
1003774,18990,5,3798.0
1003775,13536,3,4512.0
1003776,13326,2,6663.0
1003777,22572,5,4514.0
1003778,101860,30,3395.0
1003779,27295,8,3412.0
1003780,3126,3,1042.0
1003782,774,2,387.0
1003785,7826,4,1956.0
1003786,33950,4,8488.0
1003790,36768,10,3677.0
1003792,24869,19,1309.0
1003793,9106,3,3035.0
1003796,44657,7,6380.0
1003798,15556,4,3889.0
1003799,9596,4,2399.0
1003801,15768,4,3942.0
1003804,15176,3,5059.0
1003806,7698,5,1540.0
1003807,69684,16,4355.0
1003808,197660,55,3594.0
1003809,14751,3,4917.0
1003811,8608,3,2869.0
1003813,22304,7,3186.0
1003814,3991,4,998.0
1003815,9871,1,9871.0
1003816,20892,5,4178.0
1003819,7022,4,1756.0
1003821,57071,12,4756.0
1003823,88355,20,4418.0
1003824,127199,31,4103.0
1003825,25772,3,8591.0
1003827,16664,3,5555.0
1003828,5186,1,5186.0
1003829,92914,27,3441.0
1003831,19268,1,19268.0
1003833,24961,6,4160.0
1003834,39422,6,6570.0
1003835,16384,1,16384.0
1003836,31004,9,3445.0
1003837,8404,4,2101.0
1003838,3501,3,1167.0
1003841,113378,37,3064.0
1003842,55802,12,4650.0
1003845,35717,4,8929.0
1003847,18060,3,6020.0
1003850,48572,22,2208.0
1003851,20222,9,2247.0
1003852,5449,4,1362.0
1003853,15503,6,2584.0
1003856,15201,3,5067.0
1003857,11951,4,2988.0
1003858,18998,8,2375.0
1003859,38078,13,2929.0
1003860,16670,5,3334.0
1003864,43654,11,3969.0
1003868,29337,7,4191.0
1003869,7948,1,7948.0
1003872,15492,3,5164.0
1003874,24087,6,4014.0
1003878,44025,11,4002.0
1003882,47428,9,5270.0
1003884,43859,16,2741.0
1003885,24078,8,3010.0
1003887,19439,7,2777.0
1003888,37157,7,5308.0
1003889,28521,8,3565.0
1003890,15246,2,7623.0
1003891,19186,3,6395.0
1003892,9277,4,2319.0
1003893,6915,1,6915.0
1003894,22334,5,4467.0
1003895,15892,2,7946.0
1003897,24450,8,3056.0
1003900,20052,7,2865.0
1003901,20411,4,5103.0
1003902,10109,2,5054.0
1003903,25450,3,8483.0
1003904,23054,4,5764.0
1003905,18822,3,6274.0
1003906,16303,3,5434.0
1003908,25224,5,5045.0
1003909,20513,4,5128.0
1003910,52727,19,2775.0
1003912,7854,1,7854.0
1003913,19334,4,4834.0
1003914,26778,7,3825.0
1003916,72510,18,4028.0
1003917,19656,15,1310.0
1003918,20855,3,6952.0
1003919,10051,1,10051.0
1003920,3756,4,939.0
1003922,46923,11,4266.0
1003924,28584,8,3573.0
1003925,19320,3,6440.0
1003927,20460,4,5115.0
1003929,84876,16,5305.0
1003930,59984,13,4614.0
1003931,25360,8,3170.0
1003932,9941,3,3314.0
1003933,16292,3,5431.0
1003934,100457,25,4018.0
1003935,12604,1,12604.0
1003940,46662,14,3333.0
1003942,49240,13,3788.0
1003945,83680,20,4184.0
1003946,35735,9,3971.0
1003948,762,4,190.0
1003950,3043,3,1014.0
1003951,8049,2,4024.0
1003953,22223,6,3704.0
1003955,9242,4,2310.0
1003957,19105,7,2729.0
1003958,66716,15,4448.0
1003961,27801,7,3972.0
1003963,37326,5,7465.0
1003964,1073,2,536.0
1003965,17175,1,17175.0
1003967,15595,6,2599.0
1003970,27265,6,4544.0
1003971,79617,20,3981.0
1003974,12161,4,3040.0
1003975,8488,1,8488.0
1003976,26697,14,1907.0
1003978,7652,3,2551.0
1003981,16408,9,1823.0
1003982,11933,2,5966.0
1003983,5450,4,1362.0
1003984,19195,1,19195.0
1003985,35598,11,3236.0
1003986,5200,2,2600.0
1003988,16918,4,4230.0
1003989,20560,6,3427.0
1003990,27742,3,9247.0
1003992,58737,18,3263.0
1003993,29138,7,4163.0
1003994,13077,4,3269.0
1003995,24309,5,4862.0
1003996,29637,3,9879.0
1003997,29176,8,3647.0
1003998,36582,8,4573.0
1003999,38058,10,3806.0
1004000,19958,4,4990.0
1004001,48765,15,3251.0
1004004,16228,3,5409.0
1004005,26816,6,4469.0
1004006,2393,2,1196.0
1004007,82869,30,2762.0
1004008,8896,1,8896.0
1004009,35842,17,2108.0
1004013,74348,14,5311.0
1004014,16013,3,5338.0
1004015,7154,3,2385.0
1004016,120021,29,4139.0
1004017,19241,4,4810.0
1004018,22912,9,2546.0
1004020,5255,3,1752.0
1004021,157114,35,4489.0
1004022,77601,16,4850.0
1004023,23763,8,2970.0
1004024,30231,8,3779.0
1004025,8841,1,8841.0
1004026,56875,19,2993.0
1004027,11516,1,11516.0
1004028,25134,9,2793.0
1004029,23113,9,2568.0
1004030,26641,7,3806.0
1004031,16349,6,2725.0
1004032,4696,1,4696.0
1004033,37371,8,4671.0
1004034,25428,8,3178.0
1004035,23730,2,11865.0
1004037,23434,2,11717.0
1004041,138464,43,3220.0
1004042,71410,12,5951.0
1004043,7158,1,7158.0
1004044,16283,2,8142.0
1004048,59511,26,2289.0
1004049,31368,12,2614.0
1004050,20276,1,20276.0
1004051,25470,3,8490.0
1004053,38502,13,2962.0
1004054,118260,26,4548.0
1004055,33847,19,1781.0
1004058,116503,13,8962.0
1004062,40389,12,3366.0
1004064,107387,22,4881.0
1004066,23846,7,3407.0
1004070,11792,4,2948.0
1004072,1735,2,868.0
1004074,27623,6,4604.0
1004076,19281,9,2142.0
1004077,15164,5,3033.0
1004078,12872,5,2574.0
1004079,64966,12,5414.0
1004082,20408,5,4082.0
1004083,85429,28,3051.0
1004084,42362,12,3530.0
1004085,97913,26,3766.0
1004086,18102,6,3017.0
1004088,49493,13,3807.0
1004089,84364,27,3125.0
1004090,11004,5,2201.0
1004093,39092,8,4886.0
1004094,14043,3,4681.0
1004098,10642,4,2660.0
1004099,15906,4,3976.0
1004101,16254,4,4064.0
1004102,17819,4,4455.0
1004103,11443,4,2861.0
1004104,17429,6,2905.0
1004105,8005,2,4002.0
1004107,39147,12,3262.0
1004109,12144,2,6072.0
1004112,90476,19,4762.0
1004114,43689,10,4369.0
1004115,64772,15,4318.0
1004116,67195,16,4200.0
1004117,13579,9,1509.0
1004118,36010,15,2401.0
1004120,16522,4,4130.0
1004121,10396,7,1485.0
1004122,43429,5,8686.0
1004124,27453,4,6863.0
1004125,7044,3,2348.0
1004126,28680,11,2607.0
1004127,11457,4,2864.0
1004130,20428,3,6809.0
1004131,26574,8,3322.0
1004132,23949,8,2994.0
1004133,19508,1,19508.0
1004135,952,1,952.0
1004137,10044,6,1674.0
1004138,18533,7,2648.0
1004139,44908,9,4990.0
1004140,48345,18,2686.0
1004141,11233,3,3744.0
1004143,4512,4,1128.0
1004144,27096,12,2258.0
1004147,10957,1,10957.0
1004148,12047,2,6024.0
1004150,3505,2,1752.0
1004153,82693,18,4594.0
1004155,11439,4,2860.0
1004156,36808,8,4601.0
1004160,27386,7,3912.0
1004161,101435,24,4226.0
1004162,27109,6,4518.0
1004166,3887,2,1944.0
1004167,72583,25,2903.0
1004168,11550,3,3850.0
1004170,3840,1,3840.0
1004171,90765,14,6483.0
1004173,7056,2,3528.0
1004174,19034,2,9517.0
1004177,15482,7,2212.0
1004179,21543,2,10772.0
1004180,7028,2,3514.0
1004181,15633,4,3908.0
1004183,67227,21,3201.0
1004184,7930,1,7930.0
1004186,29980,10,2998.0
1004187,12961,7,1852.0
1004188,16474,5,3295.0
1004189,12046,2,6023.0
1004194,54357,17,3197.0
1004201,6204,4,1551.0
1004203,3891,4,973.0
1004206,16484,2,8242.0
1004207,21339,6,3556.0
1004210,7112,1,7112.0
1004211,5182,2,2591.0
1004213,44371,14,3169.0
1004214,11689,2,5844.0
1004215,44605,10,4460.0
1004216,8521,3,2840.0
1004217,17566,9,1952.0
1004220,57896,14,4135.0
1004221,8811,3,2937.0
1004222,8532,2,4266.0
1004223,15265,12,1272.0
1004224,35064,17,2063.0
1004225,8781,2,4390.0
1004227,154799,33,4691.0
1004229,16444,4,4111.0
1004231,11041,8,1380.0
1004233,7875,3,2625.0
1004234,7098,1,7098.0
1004235,6878,2,3439.0
1004236,18671,6,3112.0
1004237,47995,12,4000.0
1004238,116338,27,4309.0
1004239,15772,5,3154.0
1004240,6087,1,6087.0
1004241,8038,1,8038.0
1004242,3495,4,874.0
1004243,37058,7,5294.0
1004245,5451,4,1363.0
1004248,23921,6,3987.0
1004249,3559,1,3559.0
1004250,40167,11,3652.0
1004251,9742,6,1624.0
1004253,32305,12,2692.0
1004256,6135,2,3068.0
1004257,22823,8,2853.0
1004258,32920,7,4703.0
1004259,13647,4,3412.0
1004260,47899,15,3193.0
1004261,24123,8,3015.0
1004262,6013,5,1203.0
1004264,6158,4,1540.0
1004265,21827,8,2728.0
1004268,580,4,145.0
1004269,76795,15,5120.0
1004271,87738,16,5484.0
1004274,10964,5,2193.0
1004276,6666,2,3333.0
1004277,162677,46,3536.0
1004279,43944,6,7324.0
1004281,4208,4,1052.0
1004284,32585,5,6517.0
1004285,81228,8,10154.0
1004286,23385,4,5846.0
1004287,16344,3,5448.0
1004288,7029,3,2343.0
1004289,11435,3,3812.0
1004290,8796,3,2932.0
1004291,32452,10,3245.0
1004292,3801,2,1900.0
1004294,2144,1,2144.0
1004298,35747,9,3972.0
1004302,35530,11,3230.0
1004303,72554,17,4268.0
1004305,10713,4,2678.0
1004307,12573,1,12573.0
1004309,20446,6,3408.0
1004310,74734,23,3249.0
1004311,15522,5,3104.0
1004312,120360,32,3761.0
1004313,8827,1,8827.0
1004318,35111,9,3901.0
1004322,24392,6,4065.0
1004323,38675,12,3223.0
1004324,16209,4,4052.0
1004327,48892,7,6985.0
1004328,29971,7,4282.0
1004330,8842,1,8842.0
1004331,8110,4,2028.0
1004333,23721,10,2372.0
1004334,46956,15,3130.0
1004335,102025,22,4638.0
1004336,15157,4,3789.0
1004337,19483,4,4871.0
1004339,2062,4,516.0
1004341,7184,1,7184.0
1004342,35888,7,5127.0
1004343,72447,7,10350.0
1004344,74710,24,3113.0
1004345,89314,28,3190.0
1004346,16505,4,4126.0
1004347,11601,4,2900.0
1004352,44015,15,2934.0
1004353,8704,8,1088.0
1004354,38701,6,6450.0
1004356,41861,16,2616.0
1004357,19676,2,9838.0
1004359,3602,4,900.0
1004360,22049,5,4410.0
1004361,3057,4,764.0
1004362,47040,8,5880.0
1004363,10905,3,3635.0
1004367,28475,8,3559.0
1004369,6954,3,2318.0
1004371,8768,1,8768.0
1004373,55014,14,3930.0
1004374,15627,4,3907.0
1004375,33144,7,4735.0
1004377,20676,3,6892.0
1004378,572,2,286.0
1004379,5229,4,1307.0
1004380,6464,4,1616.0
1004381,64392,11,5854.0
1004386,93558,38,2462.0
1004387,34863,13,2682.0
1004388,29114,6,4852.0
1004389,16856,5,3371.0
1004390,4033,3,1344.0
1004391,5419,3,1806.0
1004395,6990,2,3495.0
1004399,15545,2,7772.0
1004401,11409,4,2852.0
1004403,20859,3,6953.0
1004404,56888,16,3556.0
1004405,925,1,925.0
1004406,64097,15,4273.0
1004407,28409,13,2185.0
1004408,97953,18,5442.0
1004409,22164,5,4433.0
1004411,13064,3,4355.0
1004412,34165,8,4271.0
1004414,7948,1,7948.0
1004415,12960,1,12960.0
1004416,34899,7,4986.0
1004417,33009,7,4716.0
1004418,42277,15,2818.0
1004422,35343,16,2209.0
1004425,194343,48,4049.0
1004428,12950,6,2158.0
1004429,3143,3,1048.0
1004430,36377,17,2140.0
1004433,8758,4,2190.0
1004434,27061,7,3866.0
1004436,28976,6,4829.0
1004437,29247,9,3250.0
1004438,42473,13,3267.0
1004441,13263,1,13263.0
1004442,772,1,772.0
1004444,19006,2,9503.0
1004445,12159,6,2026.0
1004446,26253,5,5251.0
1004447,114718,28,4097.0
1004448,127335,43,2961.0
1004449,26632,4,6658.0
1004450,19401,4,4850.0
1004451,32440,9,3604.0
1004452,18679,1,18679.0
1004453,8635,3,2878.0
1004454,18559,3,6186.0
1004456,7270,3,2423.0
1004457,20271,5,4054.0
1004458,25472,9,2830.0
1004459,17311,4,4328.0
1004460,25090,10,2509.0
1004461,24564,6,4094.0
1004466,28266,4,7066.0
1004467,40285,12,3357.0
1004468,5415,4,1354.0
1004470,47017,11,4274.0
1004471,16216,4,4054.0
1004472,58689,13,4515.0
1004473,47068,13,3621.0
1004475,5457,2,2728.0
1004476,18512,8,2314.0
1004477,24111,11,2192.0
1004478,16307,4,4077.0
1004480,35359,11,3214.0
1004481,13367,7,1910.0
1004482,51987,15,3466.0
1004484,10056,1,10056.0
1004485,36216,9,4024.0
1004486,10586,3,3529.0
1004488,45943,12,3829.0
1004489,74600,17,4388.0
1004490,45996,13,3538.0
1004491,6862,3,2287.0
1004494,22852,4,5713.0
1004495,32658,8,4082.0
1004496,48830,8,6104.0
1004497,9885,1,9885.0
1004498,7948,2,3974.0
1004499,3798,1,3798.0
1004501,11413,3,3804.0
1004502,40604,6,6767.0
1004505,56251,13,4327.0
1004506,32682,8,4085.0
1004507,15903,4,3976.0
1004508,120789,28,4314.0
1004509,21809,6,3635.0
1004510,127001,28,4536.0
1004511,24861,3,8287.0
1004512,8890,3,2963.0
1004513,23740,3,7913.0
1004516,9846,4,2462.0
1004517,18962,6,3160.0
1004520,52823,15,3522.0
1004521,38533,8,4817.0
1004522,36596,15,2440.0
1004524,36663,12,3055.0
1004526,8438,5,1688.0
1004530,1846,2,923.0
1004531,22933,8,2867.0
1004532,15926,7,2275.0
1004535,32251,16,2016.0
1004537,19138,1,19138.0
1004538,23019,6,3836.0
1004541,14102,5,2820.0
1004543,103779,25,4151.0
1004544,13201,2,6600.0
1004545,11787,2,5894.0
1004546,3775,1,3775.0
1004552,29537,9,3282.0
1004556,15655,3,5218.0
1004557,8877,3,2959.0
1004560,45048,13,3465.0
1004562,91660,19,4824.0
1004563,1599,4,400.0
1004568,27398,11,2491.0
1004569,7052,4,1763.0
1004570,5406,1,5406.0
1004571,10958,3,3653.0
1004572,9995,2,4998.0
1004573,45291,15,3019.0
1004577,2897,1,2897.0
1004578,39260,13,3020.0
1004579,56823,17,3343.0
1004581,16407,1,16407.0
1004584,32217,7,4602.0
1004589,53813,14,3844.0
1004591,68032,18,3780.0
1004592,2165,3,722.0
1004593,24780,6,4130.0
1004595,16436,5,3287.0
1004596,18331,5,3666.0
1004600,28170,6,4695.0
1004601,42053,10,4205.0
1004602,16934,3,5645.0
1004606,19029,4,4757.0
1004607,88814,27,3289.0
1004608,15244,4,3811.0
1004609,7753,2,3876.0
1004610,10652,3,3551.0
1004611,44060,9,4896.0
1004618,11605,1,11605.0
1004619,5214,3,1738.0
1004620,15896,3,5299.0
1004621,16968,8,2121.0
1004624,7854,4,1964.0
1004625,13277,1,13277.0
1004626,40381,12,3365.0
1004627,36005,4,9001.0
1004633,7080,1,7080.0
1004635,14283,4,3571.0
1004636,12698,2,6349.0
1004637,56873,11,5170.0
1004639,12943,3,4314.0
1004640,34305,6,5718.0
1004641,7087,4,1772.0
1004643,20758,8,2595.0
1004644,33892,7,4842.0
1004645,7797,4,1949.0
1004647,48351,24,2015.0
1004649,7084,1,7084.0
1004652,11390,1,11390.0
1004653,5377,3,1792.0
1004655,36386,12,3032.0
1004656,67170,14,4798.0
1004658,42185,10,4218.0
1004659,11506,3,3835.0
1004660,1968,4,492.0
1004663,81442,17,4791.0
1004666,18455,10,1846.0
1004667,11540,1,11540.0
1004671,12575,5,2515.0
1004672,3114,3,1038.0
1004673,91175,19,4799.0
1004674,24855,11,2260.0
1004675,42324,8,5290.0
1004676,5403,2,2702.0
1004678,5374,3,1791.0
1004679,15491,1,15491.0
1004680,67732,16,4233.0
1004681,35929,5,7186.0
1004682,185122,51,3630.0
1004685,57571,13,4429.0
1004687,15741,3,5247.0
1004688,8270,3,2757.0
1004690,6985,1,6985.0
1004699,6962,4,1740.0
1004703,4235,4,1059.0
1004704,37161,9,4129.0
1004705,43339,10,4334.0
1004706,33760,10,3376.0
1004708,57317,19,3017.0
1004710,19793,5,3959.0
1004711,11254,5,2251.0
1004713,13205,1,13205.0
1004715,54796,20,2740.0
1004718,40637,12,3386.0
1004719,15590,3,5197.0
1004720,3791,2,1896.0
1004721,16907,3,5636.0
1004725,174299,50,3486.0
1004726,11390,7,1627.0
1004728,60489,13,4653.0
1004729,26845,7,3835.0
1004732,126471,32,3952.0
1004733,13675,6,2279.0
1004734,14041,5,2808.0
1004735,28446,3,9482.0
1004736,62779,14,4484.0
1004737,18610,8,2326.0
1004738,14003,5,2801.0
1004739,25017,4,6254.0
1004740,28448,5,5690.0
1004742,8850,2,4425.0
1004743,15646,3,5215.0
1004744,18989,1,18989.0
1004746,7172,2,3586.0
1004747,7091,3,2364.0
1004748,59140,6,9857.0
1004750,1417,3,472.0
1004753,12505,3,4168.0
1004757,9140,2,4570.0
1004760,14056,5,2811.0
1004764,8128,4,2032.0
1004765,44023,9,4891.0
1004767,7010,2,3505.0
1004769,23846,7,3407.0
1004771,19658,10,1966.0
1004773,16746,2,8373.0
1004774,37744,7,5392.0
1004777,9725,1,9725.0
1004779,12321,1,12321.0
1004780,25969,8,3246.0
1004781,18980,1,18980.0
1004782,20815,1,20815.0
1004784,44682,11,4062.0
1004785,7122,4,1780.0
1004786,26651,9,2961.0
1004788,40178,7,5740.0
1004789,11515,5,2303.0
1004790,28352,8,3544.0
1004791,47638,9,5293.0
1004792,1689,3,563.0
1004794,33755,12,2813.0
1004795,24859,5,4972.0
1004796,4272,4,1068.0
1004797,18393,8,2299.0
1004798,7146,4,1786.0
1004800,12049,1,12049.0
1004801,6994,1,6994.0
1004802,106949,22,4861.0
1004803,2184,1,2184.0
1004806,15677,5,3135.0
1004808,50999,23,2217.0
1004809,19056,4,4764.0
1004810,21902,4,5476.0
1004811,8113,4,2028.0
1004814,20515,9,2279.0
1004815,23699,7,3386.0
1004817,19719,3,6573.0
1004819,95412,21,4543.0
1004821,3581,4,895.0
1004823,50210,21,2391.0
1004824,58739,20,2937.0
1004826,19292,2,9646.0
1004828,12267,7,1752.0
1004829,49616,10,4962.0
1004830,23296,6,3883.0
1004831,30838,12,2570.0
1004832,38808,14,2772.0
1004833,19858,4,4964.0
1004836,16891,1,16891.0
1004837,64681,9,7187.0
1004838,32860,4,8215.0
1004839,9751,2,4876.0
1004840,15572,2,7786.0
1004843,12465,3,4155.0
1004844,27809,6,4635.0
1004849,29850,11,2714.0
1004850,7399,3,2466.0
1004852,22051,13,1696.0
1004854,23094,6,3849.0
1004855,30483,9,3387.0
1004856,36998,8,4625.0
1004859,10868,1,10868.0
1004860,20251,3,6750.0
1004861,7857,2,3928.0
1004862,16663,5,3333.0
1004865,13010,4,3252.0
1004867,70240,16,4390.0
1004868,5204,2,2602.0
1004870,7061,3,2354.0
1004875,36452,6,6075.0
1004877,3825,3,1275.0
1004878,19860,9,2207.0
1004879,81046,23,3524.0
1004882,38636,10,3864.0
1004884,54249,19,2855.0
1004886,1488,4,372.0
1004887,26369,12,2197.0
1004889,9224,7,1318.0
1004890,11052,7,1579.0
1004892,5871,1,5871.0
1004894,16818,1,16818.0
1004896,15815,1,15815.0
1004897,51173,15,3412.0
1004898,18247,3,6082.0
1004899,39441,7,5634.0
1004901,36282,7,5183.0
1004902,10765,1,10765.0
1004903,2030,2,1015.0
1004904,94805,26,3646.0
1004905,19535,3,6512.0
1004906,12616,5,2523.0
1004907,13294,5,2659.0
1004908,35965,6,5994.0
1004909,15744,3,5248.0
1004910,2173,4,543.0
1004913,19067,3,6356.0
1004915,20454,7,2922.0
1004916,45508,11,4137.0
1004917,38702,9,4300.0
1004918,24985,6,4164.0
1004920,2014,4,504.0
1004921,25650,3,8550.0
1004922,7455,8,932.0
1004927,10048,4,2512.0
1004928,35076,7,5011.0
1004930,21690,7,3099.0
1004933,54219,16,3389.0
1004934,19301,6,3217.0
1004937,40359,6,6726.0
1004940,44863,10,4486.0
1004942,51901,12,4325.0
1004943,5877,1,5877.0
1004945,8923,3,2974.0
1004946,29495,10,2950.0
1004947,33665,7,4809.0
1004948,58960,16,3685.0
1004949,5302,3,1767.0
1004950,90355,23,3928.0
1004951,23747,6,3958.0
1004952,3029,2,1514.0
1004953,49810,10,4981.0
1004954,7182,2,3591.0
1004957,85496,11,7772.0
1004958,64505,19,3395.0
1004961,16606,2,8303.0
1004962,27448,9,3050.0
1004963,7977,3,2659.0
1004964,42829,4,10707.0
1004965,7791,3,2597.0
1004966,15769,4,3942.0
1004967,24465,4,6116.0
1004968,8143,4,2036.0
1004969,10606,4,2652.0
1004972,48401,10,4840.0
1004973,24556,10,2456.0
1004975,12320,5,2464.0
1004976,5982,6,997.0
1004977,27903,3,9301.0
1004979,116291,27,4307.0
1004980,52452,9,5828.0
1004984,9757,1,9757.0
1004988,11383,3,3794.0
1004989,6057,4,1514.0
1004990,17434,7,2491.0
1004994,12954,4,3238.0
1004995,24684,4,6171.0
1005000,53165,15,3544.0
1005001,40023,11,3638.0
1005002,4569,1,4569.0
1005004,3023,2,1512.0
1005005,34727,10,3473.0
1005006,10027,2,5014.0
1005008,5303,3,1768.0
1005010,24617,4,6154.0
1005011,53229,15,3549.0
1005013,27199,3,9066.0
1005014,35735,6,5956.0
1005015,12052,9,1339.0
1005017,19292,1,19292.0
1005018,15025,4,3756.0
1005019,12194,2,6097.0
1005020,24061,3,8020.0
1005021,47134,5,9427.0
1005024,8636,2,4318.0
1005025,42440,9,4716.0
1005026,103645,29,3574.0
1005029,60459,12,5038.0
1005030,2312,3,771.0
1005031,31925,5,6385.0
1005032,6161,3,2054.0
1005033,10915,4,2729.0
1005034,16643,5,3329.0
1005035,44433,9,4937.0
1005038,34297,11,3118.0
1005039,54660,15,3644.0
1005040,6890,1,6890.0
1005041,8104,3,2701.0
1005042,35488,5,7098.0
1005044,9907,2,4954.0
1005046,101301,20,5065.0
1005047,16038,3,5346.0
1005049,7981,4,1995.0
1005051,8825,1,8825.0
1005053,20036,8,2504.0
1005054,64871,15,4325.0
1005056,7103,3,2368.0
1005057,3649,1,3649.0
1005059,39485,9,4387.0
1005060,31386,6,5231.0
1005061,18248,6,3041.0
1005063,11762,3,3921.0
1005064,6117,2,3058.0
1005065,32110,10,3211.0
1005067,5971,4,1493.0
1005068,36944,5,7389.0
1005070,36345,21,1731.0
1005071,3014,4,754.0
1005072,20246,5,4049.0
1005074,97752,31,3153.0
1005077,67179,19,3536.0
1005079,19082,13,1468.0
1005080,15454,4,3864.0
1005082,6148,3,2049.0
1005083,56837,11,5167.0
1005084,25789,7,3684.0
1005085,34892,8,4362.0
1005086,18133,7,2590.0
1005087,28665,11,2606.0
1005090,45728,11,4157.0
1005091,27940,5,5588.0
1005092,16018,5,3204.0
1005094,3890,1,3890.0
1005096,36819,6,6136.0
1005097,21746,3,7249.0
1005098,34116,9,3791.0
1005099,21163,7,3023.0
1005100,122668,23,5333.0
1005102,13248,4,3312.0
1005103,8107,4,2027.0
1005104,15800,4,3950.0
1005105,28967,8,3621.0
1005107,60028,15,4002.0
1005108,55781,15,3719.0
1005111,79216,14,5658.0
1005112,24558,3,8186.0
1005113,29459,11,2678.0
1005114,12162,2,6081.0
1005119,11973,1,11973.0
1005120,32334,8,4042.0
1005121,14753,7,2108.0
1005124,8774,3,2925.0
1005126,21672,3,7224.0
1005127,8006,6,1334.0
1005128,6136,4,1534.0
1005131,40859,11,3714.0
1005132,24345,4,6086.0
1005135,11567,7,1652.0
1005136,4713,4,1178.0
1005137,30464,5,6093.0
1005138,6061,1,6061.0
1005139,35113,6,5852.0
1005140,30551,11,2777.0
1005142,40186,15,2679.0
1005143,4460,1,4460.0
1005146,8807,4,2202.0
1005147,19045,4,4761.0
1005148,6118,4,1530.0
1005149,10093,4,2523.0
1005150,8068,3,2689.0
1005152,2023,3,674.0
1005153,70337,18,3908.0
1005156,102338,20,5117.0
1005157,23703,4,5926.0
1005158,761,2,380.0
1005159,16620,4,4155.0
1005161,4443,3,1481.0
1005163,27150,7,3879.0
1005165,16490,2,8245.0
1005166,13084,5,2617.0
1005167,5451,3,1817.0
1005170,8046,5,1609.0
1005172,29521,12,2460.0
1005173,12105,4,3026.0
1005175,4710,1,4710.0
1005178,83084,17,4887.0
1005180,26471,7,3782.0
1005181,2381,4,595.0
1005182,37972,14,2712.0
1005184,28795,2,14398.0
1005185,15653,3,5218.0
1005186,7086,2,3543.0
1005187,22790,6,3798.0
1005191,11510,1,11510.0
1005193,45689,14,3264.0
1005194,5385,2,2692.0
1005196,23382,9,2598.0
1005197,15122,6,2520.0
1005198,27876,7,3982.0
1005199,15496,8,1937.0
1005200,16092,3,5364.0
1005201,24996,4,6249.0
1005205,12379,1,12379.0
1005206,15840,2,7920.0
1005208,6817,3,2272.0
1005209,20630,4,5158.0
1005210,20815,4,5204.0
1005213,10898,2,5449.0
1005214,3197,3,1066.0
1005217,17923,4,4481.0
1005220,52588,10,5259.0
1005221,19557,2,9778.0
1005222,68197,25,2728.0
1005223,30916,14,2208.0
1005225,6176,2,3088.0
1005230,16776,2,8388.0
1005232,3030,3,1010.0
1005233,15585,5,3117.0
1005234,18788,6,3131.0
1005235,25602,6,4267.0
1005236,5391,4,1348.0
1005237,46762,11,4251.0
1005239,36232,6,6039.0
1005241,33277,13,2560.0
1005243,6903,3,2301.0
1005246,36305,6,6051.0
1005247,15688,3,5229.0
1005248,15453,3,5151.0
1005249,19570,4,4892.0
1005250,43217,11,3929.0
1005251,19497,2,9748.0
1005253,11486,3,3829.0
1005254,29754,11,2705.0
1005255,15169,2,7584.0
1005256,117210,27,4341.0
1005258,567,3,189.0
1005260,30903,5,6181.0
1005262,23516,8,2940.0
1005263,8113,1,8113.0
1005264,36695,11,3336.0
1005266,5303,3,1768.0
1005267,23047,3,7682.0
1005269,20059,5,4012.0
1005270,27138,7,3877.0
1005271,38053,11,3459.0
1005272,3812,3,1271.0
1005273,29237,4,7309.0
1005275,10691,5,2138.0
1005276,15238,2,7619.0
1005277,28176,6,4696.0
1005278,54093,7,7728.0
1005281,1656,4,414.0
1005282,63499,21,3024.0
1005283,41476,12,3456.0
1005286,6880,1,6880.0
1005287,8477,1,8477.0
1005291,6925,2,3462.0
1005292,1751,3,584.0
1005294,4524,3,1508.0
1005296,12099,4,3025.0
1005299,16018,3,5339.0
1005300,25496,2,12748.0
1005302,13308,2,6654.0
1005304,10666,3,3555.0
1005305,59036,14,4217.0
1005306,33939,6,5656.0
1005310,1590,1,1590.0
1005312,71872,25,2875.0
1005313,18815,8,2352.0
1005316,20967,4,5242.0
1005317,13925,7,1989.0
1005318,7824,3,2608.0
1005319,8134,4,2034.0
1005321,21442,7,3063.0
1005322,33071,3,11024.0
1005323,21644,7,3092.0
1005324,4007,2,2004.0
1005325,6872,3,2291.0
1005326,5913,2,2956.0
1005327,25420,6,4237.0
1005328,5467,1,5467.0
1005329,76373,17,4493.0
1005332,23329,6,3888.0
1005333,62724,18,3485.0
1005335,16550,8,2069.0
1005336,8093,4,2023.0
1005337,11991,3,3997.0
1005338,2054,2,1027.0
1005339,12160,3,4053.0
1005340,7774,2,3887.0
1005341,20488,3,6829.0
1005342,23621,8,2953.0
1005344,7956,1,7956.0
1005345,21900,7,3129.0
1005346,6096,1,6096.0
1005347,34306,9,3812.0
1005349,6125,3,2042.0
1005350,53630,14,3831.0
1005352,46702,12,3892.0
1005355,26443,3,8814.0
1005357,8129,4,2032.0
1005359,56821,9,6313.0
1005361,21857,4,5464.0
1005364,25111,6,4185.0
1005365,28746,13,2211.0
1005366,45566,9,5063.0
1005367,133282,33,4039.0
1005368,10068,4,2517.0
1005369,8360,3,2787.0
1005370,8424,6,1404.0
1005371,13603,8,1700.0
1005372,3667,3,1222.0
1005375,8023,2,4012.0
1005376,13484,3,4495.0
1005377,19609,1,19609.0
1005378,23697,6,3950.0
1005379,7781,1,7781.0
1005380,3677,1,3677.0
1005382,14056,5,2811.0
1005383,23201,2,11600.0
1005385,7997,7,1142.0
1005386,16052,2,8026.0
1005387,53693,18,2983.0
1005388,6886,3,2295.0
1005389,8731,2,4366.0
1005390,70531,9,7837.0
1005394,69813,11,6347.0
1005395,8396,2,4198.0
1005397,17987,6,2998.0
1005399,9992,2,4996.0
1005401,2145,3,715.0
1005402,11473,5,2295.0
1005403,32284,9,3587.0
1005404,19048,4,4762.0
1005406,2383,1,2383.0
1005408,15859,8,1982.0
1005411,4450,3,1483.0
1005412,29904,8,3738.0
1005413,9811,1,9811.0
1005415,6027,1,6027.0
1005418,25803,8,3225.0
1005420,26216,6,4369.0
1005421,11432,4,2858.0
1005422,19802,5,3960.0
1005426,20160,9,2240.0
1005427,5311,1,5311.0
1005428,9872,3,3291.0
1005430,16862,2,8431.0
1005431,1736,2,868.0
1005432,11894,4,2974.0
1005433,89311,26,3435.0
1005434,7191,1,7191.0
1005435,31259,8,3907.0
1005437,38309,7,5473.0
1005441,23657,3,7886.0
1005443,32017,9,3557.0
1005445,9633,4,2408.0
1005446,53327,15,3555.0
1005447,9436,6,1573.0
1005448,10168,9,1130.0
1005450,22810,9,2534.0
1005451,3061,4,765.0
1005452,14328,8,1791.0
1005453,12612,6,2102.0
1005454,3005,1,3005.0
1005455,32693,7,4670.0
1005456,9844,3,3281.0
1005457,31069,5,6214.0
1005458,60363,8,7545.0
1005459,16177,3,5392.0
1005460,13257,6,2210.0
1005461,9760,6,1627.0
1005464,20824,5,4165.0
1005466,33497,6,5583.0
1005468,81215,17,4777.0
1005469,1904,2,952.0
1005470,39419,9,4380.0
1005471,34445,4,8611.0
1005472,44492,17,2617.0
1005473,44855,6,7476.0
1005474,4228,3,1409.0
1005475,29838,4,7460.0
1005479,9696,2,4848.0
1005480,4399,5,880.0
1005481,20673,1,20673.0
1005482,32161,11,2924.0
1005483,13799,4,3450.0
1005484,4086,1,4086.0
1005485,5259,2,2630.0
1005487,7104,4,1776.0
1005488,31665,6,5278.0
1005489,1886,1,1886.0
1005490,21196,7,3028.0
1005491,12691,3,4230.0
1005492,55522,9,6169.0
1005493,81328,27,3012.0
1005494,15323,4,3831.0
1005497,12771,4,3193.0
1005501,54296,17,3194.0
1005502,12276,4,3069.0
1005504,57643,7,8235.0
1005506,10047,3,3349.0
1005507,3114,1,3114.0
1005508,1773,1,1773.0
1005509,8739,3,2913.0
1005511,112967,21,5379.0
1005512,27535,8,3442.0
1005515,33695,3,11232.0
1005516,8096,2,4048.0
1005517,47768,7,6824.0
1005518,7895,1,7895.0
1005519,3848,3,1283.0
1005520,69955,13,5381.0
1005522,65538,10,6554.0
1005523,35239,2,17620.0
1005524,8134,2,4067.0
1005526,41870,13,3221.0
1005528,8844,3,2948.0
1005530,35521,12,2960.0
1005531,8197,3,2732.0
1005534,11591,2,5796.0
1005535,20612,3,6871.0
1005536,71443,20,3572.0
1005537,7177,3,2392.0
1005538,20706,6,3451.0
1005539,3083,1,3083.0
1005540,13467,1,13467.0
1005543,28904,3,9635.0
1005545,31610,14,2258.0
1005547,26010,4,6502.0
1005548,14876,7,2125.0
1005550,50357,15,3357.0
1005551,17658,7,2523.0
1005553,24331,12,2028.0
1005555,38460,6,6410.0
1005556,19564,1,19564.0
1005557,19242,5,3848.0
1005558,27794,10,2779.0
1005561,29565,14,2112.0
1005564,15891,6,2648.0
1005565,15401,3,5134.0
1005567,32842,15,2189.0
1005568,16087,7,2298.0
1005570,30009,8,3751.0
1005571,7000,3,2333.0
1005574,22462,6,3744.0
1005575,37350,9,4150.0
1005576,35242,15,2349.0
1005578,8844,3,2948.0
1005579,6413,3,2138.0
1005580,27112,7,3873.0
1005581,12626,3,4209.0
1005582,18543,3,6181.0
1005583,3753,1,3753.0
1005585,41097,14,2936.0
1005586,7083,4,1771.0
1005588,16337,1,16337.0
1005593,27617,5,5523.0
1005594,16933,5,3387.0
1005595,17409,2,8704.0
1005596,10022,4,2506.0
1005597,35855,3,11952.0
1005598,11767,2,5884.0
1005599,7830,4,1958.0
1005600,42219,3,14073.0
1005602,4273,1,4273.0
1005604,27563,10,2756.0
1005605,89081,20,4454.0
1005606,12032,1,12032.0
1005613,27155,7,3879.0
1005615,18888,6,3148.0
1005616,12828,8,1604.0
1005618,16040,3,5347.0
1005620,19375,3,6458.0
1005621,34241,9,3805.0
1005622,10074,2,5037.0
1005623,41129,9,4570.0
1005625,26237,8,3280.0
1005626,24173,7,3453.0
1005627,76675,17,4510.0
1005629,6166,1,6166.0
1005630,24760,3,8253.0
1005632,18975,4,4744.0
1005634,23707,4,5927.0
1005636,94578,32,2956.0
1005638,18781,5,3756.0
1005641,5295,4,1324.0
1005642,9732,2,4866.0
1005643,57346,27,2124.0
1005645,31057,13,2389.0
1005646,5345,3,1782.0
1005647,1923,1,1923.0
1005648,35986,9,3998.0
1005649,34927,2,17464.0
1005650,29837,8,3730.0
1005652,8226,5,1645.0
1005653,49434,11,4494.0
1005654,32981,7,4712.0
1005655,15277,3,5092.0
1005656,12035,2,6018.0
1005657,17275,5,3455.0
1005658,20915,5,4183.0
1005659,21425,7,3061.0
1005661,24154,3,8051.0
1005663,1852,2,926.0
1005664,50332,8,6292.0
1005665,4113,2,2056.0
1005667,3928,4,982.0
1005668,12132,5,2426.0
1005671,11510,2,5755.0
1005674,3618,1,3618.0
1005675,23356,11,2123.0
1005676,13455,1,13455.0
1005677,35841,14,2560.0
1005678,20486,6,3414.0
1005679,28415,10,2842.0
1005680,56415,9,6268.0
1005681,23811,9,2646.0
1005682,41408,13,3185.0
1005683,13367,2,6684.0
1005684,30773,10,3077.0
1005686,36857,11,3351.0
1005689,76255,14,5447.0
1005691,10082,3,3361.0
1005692,11014,3,3671.0
1005697,5193,3,1731.0
1005698,55609,17,3271.0
1005699,6103,2,3052.0
1005701,8838,4,2210.0
1005703,5989,4,1497.0
1005705,15557,3,5186.0
1005709,19659,4,4915.0
1005714,5195,3,1732.0
1005716,5445,1,5445.0
1005717,26101,16,1631.0
1005718,41315,9,4591.0
1005720,28606,10,2861.0
1005722,69789,20,3489.0
1005726,20543,5,4109.0
1005728,22102,11,2009.0
1005729,24214,7,3459.0
1005730,8838,2,4419.0
1005733,40848,12,3404.0
1005734,30920,13,2378.0
1005735,1378,4,344.0
1005738,68126,22,3097.0
1005744,3009,4,752.0
1005746,23885,10,2388.0
1005747,59781,22,2717.0
1005749,73422,16,4589.0
1005750,8829,1,8829.0
1005751,5830,1,5830.0
1005753,13453,3,4484.0
1005754,2106,3,702.0
1005755,43837,19,2307.0
1005756,7808,2,3904.0
1005757,19696,1,19696.0
1005758,9561,5,1912.0
1005759,55288,16,3456.0
1005761,25529,5,5106.0
1005762,53854,13,4143.0
1005763,44997,15,3000.0
1005765,45991,10,4599.0
1005766,12949,2,6474.0
1005767,16901,3,5634.0
1005768,3697,4,924.0
1005769,22328,3,7443.0
1005771,54871,17,3228.0
1005775,7391,8,924.0
1005776,11915,3,3972.0
1005777,25394,5,5079.0
1005778,16954,6,2826.0
1005779,21402,7,3057.0
1005780,53089,11,4826.0
1005785,8314,2,4157.0
1005786,9023,7,1289.0
1005787,35804,15,2387.0
1005788,141589,44,3218.0
1005789,4538,2,2269.0
1005792,47685,9,5298.0
1005794,22606,6,3768.0
1005795,128128,31,4133.0
1005800,7976,2,3988.0
1005801,13553,6,2259.0
1005803,7184,3,2395.0
1005805,26602,8,3325.0
1005806,31286,10,3129.0
1005807,20275,3,6758.0
1005809,31406,10,3141.0
1005811,15122,5,3024.0
1005812,61456,19,3235.0
1005814,25969,5,5194.0
1005817,6766,3,2255.0
1005818,11951,2,5976.0
1005819,10706,3,3569.0
1005822,5292,3,1764.0
1005823,15371,2,7686.0
1005824,55850,7,7979.0
1005825,8142,2,4071.0
1005826,58737,10,5874.0
1005827,18836,5,3767.0
1005829,16657,6,2776.0
1005831,71301,21,3395.0
1005832,8576,1,8576.0
1005833,9398,7,1343.0
1005834,11563,1,11563.0
1005836,25577,3,8526.0
1005837,110094,20,5505.0
1005838,74085,19,3899.0
1005840,19548,9,2172.0
1005841,9909,8,1239.0
1005843,7093,3,2364.0
1005846,7083,4,1771.0
1005847,22386,5,4477.0
1005848,16932,7,2419.0
1005851,33042,6,5507.0
1005852,40389,9,4488.0
1005853,12106,3,4035.0
1005857,27369,5,5474.0
1005858,34652,8,4332.0
1005859,19289,3,6430.0
1005861,3098,4,774.0
1005862,23936,8,2992.0
1005864,12199,3,4066.0
1005872,31959,12,2663.0
1005874,25362,9,2818.0
1005875,7855,7,1122.0
1005877,10890,2,5445.0
1005878,42769,15,2851.0
1005879,5428,4,1357.0
1005880,71553,17,4209.0
1005881,30370,10,3037.0
1005882,15465,2,7732.0
1005884,28979,10,2898.0
1005885,21267,5,4253.0
1005886,29725,5,5945.0
1005888,27986,11,2544.0
1005889,16927,6,2821.0
1005890,11609,7,1658.0
1005892,9777,2,4888.0
1005893,11957,1,11957.0
1005894,19273,7,2753.0
1005897,5919,4,1480.0
1005898,12844,1,12844.0
1005900,35878,6,5980.0
1005902,28976,10,2898.0
1005905,11548,3,3849.0
1005906,19557,4,4889.0
1005908,29566,7,4224.0
1005910,1865,2,932.0
1005912,7162,3,2387.0
1005913,20343,6,3390.0
1005914,40139,7,5734.0
1005915,26781,10,2678.0
1005916,35465,9,3941.0
1005917,48962,12,4080.0
1005922,15964,4,3991.0
1005924,12874,3,4291.0
1005925,18508,5,3702.0
1005926,28716,4,7179.0
1005927,15561,3,5187.0
1005930,19600,3,6533.0
1005934,8088,4,2022.0
1005937,19073,3,6358.0
1005938,20749,11,1886.0
1005939,12101,3,4034.0
1005941,8175,4,2044.0
1005942,7152,1,7152.0
1005946,7890,3,2630.0
1005947,11042,2,5521.0
1005948,37196,8,4650.0
1005949,9895,4,2474.0
1005950,32361,16,2023.0
1005951,18484,4,4621.0
1005952,7802,3,2601.0
1005954,125670,28,4488.0
1005955,24280,10,2428.0
1005956,3071,2,1536.0
1005957,13048,5,2610.0
1005958,8885,2,4442.0
1005960,20080,3,6693.0
1005961,16578,4,4144.0
1005963,17349,7,2478.0
1005964,49320,20,2466.0
1005965,1508,2,754.0
1005969,23840,5,4768.0
1005970,12459,4,3115.0
1005971,12931,8,1616.0
1005972,26128,13,2010.0
1005973,4177,3,1392.0
1005974,24912,2,12456.0
1005975,9879,3,3293.0
1005976,6122,2,3061.0
1005977,9788,4,2447.0
1005978,55855,12,4655.0
1005980,8882,3,2961.0
1005981,39198,9,4355.0
1005982,15880,5,3176.0
1005986,27911,5,5582.0
1005987,6972,4,1743.0
1005988,11942,5,2388.0
1005989,12474,4,3118.0
1005990,9963,4,2491.0
1005994,20175,4,5044.0
1005996,57583,12,4799.0
1005997,3857,3,1286.0
1005998,31047,10,3105.0
1006000,98929,26,3805.0
1006001,48603,6,8100.0
1006002,39437,9,4382.0
1006003,9482,3,3161.0
1006004,9906,3,3302.0
1006005,18701,3,6234.0
1006006,35653,7,5093.0
1006007,15516,2,7758.0
1006008,8591,2,4296.0
1006009,78749,14,5625.0
1006010,19821,5,3964.0
1006011,43184,9,4798.0
1006013,3777,3,1259.0
1006014,34449,13,2650.0
1006016,101165,23,4398.0
1006021,24313,5,4863.0
1006023,9899,4,2475.0
1006024,12245,3,4082.0
1006025,9134,4,2284.0
1006028,7898,2,3949.0
1006032,12538,4,3134.0
1006033,9910,2,4955.0
1006035,28235,11,2567.0
1006036,158407,52,3046.0
1006037,22649,5,4530.0
1006039,15061,7,2152.0
1006040,61676,6,10279.0
